Name,G,W,L,SV,HLD,HP,CG,SHO,NHB,WPCT,BF,IP,HA,HRA,BB,IBB,HBP,SO,WP,BK,R,ER,ERA,Hand,WHIP,Team
アダメス,28,0,2,4,3,3,0,0,0,0.0,141,32.0,30,2,20,2,1,19,2,0,14,14,3.94,Right,1.562,読売ジャイアンツ
池田　駿,27,1,1,0,1,2,0,0,0,0.5,112,24.333333333333332,31,1,9,1,2,11,1,0,15,11,4.07,Left,1.644,読売ジャイアンツ
今村　信貴,13,6,2,0,0,0,1,1,1,0.75,328,77.0,80,8,26,0,3,51,2,0,34,33,3.86,Left,1.377,読売ジャイアンツ
上原　浩治,36,0,5,0,14,14,0,0,0,0.0,139,34.666666666666664,32,5,5,0,2,24,0,0,14,14,3.63,Right,1.067,読売ジャイアンツ
内海　哲也,15,5,5,0,0,0,1,1,0,0.5,358,82.0,95,11,19,2,3,56,3,0,38,38,4.17,Left,1.39,読売ジャイアンツ
大竹　寛,2,1,1,0,0,0,0,0,0,0.5,42,9.0,13,2,2,0,0,5,0,0,6,6,6.0,Right,1.667,読売ジャイアンツ
カミネロ,20,1,1,11,2,3,0,0,0,0.5,90,18.666666666666668,27,1,6,1,1,19,2,0,13,12,5.79,Right,1.768,読売ジャイアンツ
鍬原　拓也,6,1,2,0,0,0,0,0,0,0.333,123,27.666666666666668,23,6,17,1,3,35,2,0,22,21,6.83,Right,1.446,読売ジャイアンツ
澤村　拓一,49,1,6,0,24,25,0,0,0,0.143,238,52.333333333333336,55,4,27,3,3,54,3,0,29,27,4.64,Right,1.567,読売ジャイアンツ
篠原　慎平,7,0,0,0,0,0,0,0,0,0.0,47,10.0,17,2,2,0,0,2,1,0,7,7,6.3,Right,1.9,読売ジャイアンツ
菅野　智之,28,15,8,0,0,0,10,8,4,0.652,801,202.0,166,14,37,1,3,200,3,0,52,48,2.14,Right,1.005,読売ジャイアンツ
高木　京介,3,0,0,0,0,0,0,0,0,0.0,28,5.0,8,0,4,0,0,1,0,0,7,7,12.6,Left,2.4,読売ジャイアンツ
髙田　萌生,1,0,1,0,0,0,0,0,0,0.0,15,2.0,6,0,3,0,1,0,0,0,6,6,27.0,Right,4.5,読売ジャイアンツ
田口　麗斗,16,2,8,0,0,0,1,0,0,0.2,396,86.33333333333333,113,13,27,2,6,60,1,0,52,46,4.8,Left,1.622,読売ジャイアンツ
谷岡　竜平,25,2,1,0,2,4,0,0,0,0.667,117,25.0,26,1,16,2,0,25,4,0,17,16,5.76,Right,1.68,読売ジャイアンツ
田原　誠次,29,2,0,0,1,3,0,0,0,1.0,125,31.666666666666668,27,4,8,1,0,19,0,0,9,9,2.56,Right,1.105,読売ジャイアンツ
中川　皓太,30,1,0,1,3,4,0,0,0,1.0,165,37.666666666666664,47,7,8,0,1,31,2,0,24,21,5.02,Left,1.46,読売ジャイアンツ
野上　亮磨,25,4,4,0,1,1,0,0,0,0.5,300,71.33333333333333,74,15,21,2,2,54,3,0,38,38,4.79,Right,1.332,読売ジャイアンツ
畠　世周,9,2,0,0,3,5,0,0,0,1.0,41,9.666666666666666,10,0,2,0,0,10,1,0,3,3,2.79,Right,1.241,読売ジャイアンツ
マシソン,34,0,3,8,14,14,0,0,0,0.0,133,33.333333333333336,21,3,13,1,1,41,0,0,12,11,2.97,Right,1.02,読売ジャイアンツ
宮國　椋丞,29,0,0,0,4,4,0,0,0,0.0,133,32.0,27,4,10,0,3,25,0,0,8,7,1.97,Right,1.156,読売ジャイアンツ
メルセデス,13,5,4,0,0,0,2,1,0,0.556,357,92.0,69,4,16,0,3,53,1,0,28,21,2.05,Left,0.924,読売ジャイアンツ
森福　允彦,2,0,0,0,0,0,0,0,0,0.0,10,2.0,4,1,0,0,0,0,0,0,3,3,13.5,Left,2.0,読売ジャイアンツ
ヤングマン,4,3,1,0,0,0,0,0,0,0.75,107,26.0,25,2,9,1,0,25,0,0,9,8,2.77,Right,1.308,読売ジャイアンツ
山口　俊,30,9,9,1,1,2,6,2,0,0.5,644,154.0,127,18,60,1,9,144,4,0,66,63,3.68,Right,1.214,読売ジャイアンツ
吉川　光夫,22,6,7,0,0,0,0,0,0,0.462,431,101.33333333333333,93,16,39,0,4,76,3,0,49,48,4.26,Left,1.303,読売ジャイアンツ
青柳　晃洋,4,1,1,0,0,0,0,0,0,0.5,93,21.666666666666668,23,1,6,0,0,22,1,0,8,8,3.32,Right,1.338,阪神タイガース
秋山　拓巳,17,5,10,0,0,0,2,1,1,0.333,437,105.0,111,8,18,0,4,89,2,0,46,45,3.86,Right,1.229,阪神タイガース
飯田　優也,1,0,0,0,0,0,0,0,0,0.0,16,3.0,5,1,2,0,0,3,0,0,4,4,12.0,Left,2.333,阪神タイガース
石崎　剛,12,0,0,0,1,1,0,0,0,0.0,65,15.0,10,2,10,0,1,23,0,0,7,7,4.2,Right,1.333,阪神タイガース
伊藤　和雄,14,0,1,0,0,0,0,0,0,0.0,92,21.333333333333332,15,1,10,1,1,25,2,0,14,13,5.48,Right,1.172,阪神タイガース
岩崎　優,61,1,3,0,10,11,0,0,0,0.25,275,62.0,66,8,25,2,4,70,5,0,37,34,4.94,Left,1.468,阪神タイガース
岩貞　祐太,23,7,10,0,0,0,1,0,0,0.412,554,132.0,128,18,32,0,1,122,1,0,56,51,3.48,Left,1.212,阪神タイガース
岩田　稔,6,0,4,0,0,0,0,0,0,0.0,129,30.666666666666668,25,4,9,2,3,29,2,0,13,11,3.23,Left,1.109,阪神タイガース
岡本　洋介,34,1,0,0,2,3,0,0,0,1.0,192,44.666666666666664,46,3,11,2,5,30,0,0,19,19,3.83,Right,1.276,阪神タイガース
尾仲　祐哉,12,0,1,0,0,0,0,0,0,0.0,51,11.666666666666666,13,1,4,0,0,14,1,0,6,5,3.86,Right,1.457,阪神タイガース
小野　泰己,23,7,7,0,0,0,0,0,0,0.5,573,126.33333333333333,133,10,81,2,3,96,10,0,71,67,4.77,Right,1.694,阪神タイガース
桑原　謙太朗,62,5,3,0,32,37,0,0,0,0.625,239,57.0,52,6,12,2,4,65,1,0,19,17,2.68,Right,1.123,阪神タイガース
才木　浩人,22,6,10,0,1,2,0,0,0,0.375,368,82.0,81,12,38,0,5,85,5,0,46,42,4.61,Right,1.451,阪神タイガース
島本　浩也,1,0,0,0,0,0,0,0,0,0.0,8,2.0,2,0,2,0,0,2,2,0,2,2,9.0,Left,2.0,阪神タイガース
髙橋　聡文,15,0,0,0,2,2,0,0,0,0.0,66,13.666666666666666,19,1,5,1,0,8,2,0,6,6,3.95,Left,1.756,阪神タイガース
髙橋　遥人,6,2,3,0,0,0,0,0,0,0.4,150,34.666666666666664,34,4,14,1,0,27,1,0,18,14,3.63,Left,1.385,阪神タイガース
竹安　大知,2,0,0,0,0,0,0,0,0,0.0,27,8.0,5,0,1,0,0,2,0,0,2,2,2.25,Right,0.75,阪神タイガース
谷川　昌希,7,1,1,0,0,1,0,0,0,0.5,62,12.666666666666666,17,2,7,2,2,11,0,0,12,11,7.82,Right,1.895,阪神タイガース
ドリス,55,1,7,32,4,5,0,0,0,0.125,229,53.666666666666664,50,4,17,1,2,56,3,0,22,17,2.85,Right,1.248,阪神タイガース
能見　篤史,45,4,3,1,16,20,0,0,0,0.571,229,56.333333333333336,40,5,19,0,3,48,6,0,23,16,2.56,Left,1.047,阪神タイガース
馬場　皐輔,2,0,1,0,0,0,0,0,0,0.0,41,8.666666666666666,12,2,4,0,1,7,0,0,5,5,5.19,Right,1.846,阪神タイガース
福永　春吾,2,0,0,0,0,0,0,0,0,0.0,13,2.0,6,1,2,0,0,0,0,0,5,5,22.5,Right,4.0,阪神タイガース
藤川　球児,53,5,3,2,21,26,0,0,0,0.625,229,54.333333333333336,29,3,37,4,1,67,2,0,20,14,2.32,Right,1.215,阪神タイガース
藤浪　晋太郎,13,5,3,0,0,0,1,1,0,0.625,326,71.0,70,5,47,0,4,70,5,0,45,42,5.32,Right,1.648,阪神タイガース
マテオ,17,0,1,0,4,4,0,0,0,0.0,73,14.666666666666666,19,2,11,1,1,13,1,0,11,11,6.75,Right,2.045,阪神タイガース
メッセンジャー,28,11,7,0,0,0,0,0,0,0.611,728,173.66666666666666,160,13,58,2,4,149,0,0,74,70,3.63,Right,1.255,阪神タイガース
モレノ,8,0,0,0,3,3,0,0,0,0.0,28,6.666666666666667,8,0,3,1,0,6,0,0,2,2,2.7,Right,1.65,阪神タイガース
望月　惇志,37,0,0,0,0,0,0,0,0,0.0,190,44.0,46,7,17,0,2,40,2,0,24,21,4.3,Right,1.432,阪神タイガース
守屋　功輝,4,0,0,0,0,0,0,0,0,0.0,26,4.666666666666667,9,1,3,0,0,2,0,0,6,6,11.57,Right,2.571,阪神タイガース
山本　翔也,1,0,0,0,0,0,0,0,0,0.0,17,3.0,4,2,4,0,0,1,0,0,5,5,15.0,Left,2.667,阪神タイガース
アドゥワ　誠,53,6,2,0,5,11,0,0,0,0.75,293,67.33333333333333,62,4,36,1,2,30,2,0,29,28,3.74,Right,1.455,広島東洋カープ
飯田　哲矢,14,0,0,0,0,0,0,0,0,0.0,62,13.0,17,3,6,1,0,16,1,0,9,9,6.23,Left,1.769,広島東洋カープ
一岡　竜司,59,5,6,2,18,23,0,0,0,0.455,238,56.333333333333336,46,7,22,2,0,61,1,0,20,18,2.88,Right,1.207,広島東洋カープ
今村　猛,43,3,2,1,13,16,0,0,0,0.6,173,38.333333333333336,37,5,21,1,1,35,0,0,26,22,5.17,Right,1.513,広島東洋カープ
大瀬良　大地,27,15,7,0,0,0,2,0,1,0.682,727,182.0,143,22,41,2,4,159,4,0,65,53,2.62,Right,1.011,広島東洋カープ
岡田　明丈,26,8,7,0,1,1,0,0,0,0.533,603,138.0,137,13,62,1,4,114,4,1,84,78,5.09,Right,1.442,広島東洋カープ
カンポス,1,0,0,0,0,0,0,0,0,0.0,4,1.0,1,0,1,0,0,0,0,0,0,0,0.0,Right,2.0,広島東洋カープ
九里　亜蓮,24,8,4,0,0,0,1,0,1,0.667,524,120.33333333333333,129,13,41,1,4,86,2,0,60,57,4.26,Right,1.413,広島東洋カープ
佐藤　祥万,7,0,0,0,0,0,0,0,0,0.0,36,7.333333333333333,8,0,4,0,1,6,0,0,8,7,8.59,Left,1.636,広島東洋カープ
ジャクソン,48,3,2,1,25,28,0,0,0,0.6,201,45.666666666666664,42,6,26,1,1,48,0,0,16,14,2.76,Right,1.489,広島東洋カープ
ジョンソン,24,11,5,0,0,0,0,0,0,0.688,609,144.66666666666666,137,9,48,4,5,113,3,0,55,50,3.11,Left,1.279,広島東洋カープ
高橋　昂也,6,1,2,0,0,0,0,0,0,0.333,110,21.0,30,5,16,0,0,17,0,0,23,22,9.43,Left,2.19,広島東洋カープ
高橋　樹也,9,0,0,1,1,1,0,0,0,0.0,102,21.333333333333332,31,4,7,1,1,17,0,0,16,14,5.91,Left,1.781,広島東洋カープ
戸田　隆矢,7,0,0,0,0,0,0,0,0,0.0,82,17.333333333333332,22,3,9,0,0,13,0,0,11,10,5.19,Left,1.788,広島東洋カープ
長井　良太,4,0,0,0,0,0,0,0,0,0.0,19,3.3333333333333335,4,1,5,0,0,0,1,0,5,5,13.5,Right,2.7,広島東洋カープ
永川　勝浩,22,2,0,0,5,7,0,0,0,1.0,81,18.666666666666668,19,2,5,0,1,13,0,0,11,10,4.82,Right,1.286,広島東洋カープ
中﨑　翔太,68,4,2,32,6,10,0,0,0,0.667,293,66.33333333333333,66,7,29,3,1,56,0,0,23,20,2.71,Right,1.432,広島東洋カープ
中田　廉,15,0,1,0,3,3,0,0,0,0.0,67,12.333333333333334,22,2,8,3,0,12,2,0,19,18,13.14,Right,2.432,広島東洋カープ
中村　恭平,8,0,1,0,0,0,0,0,0,0.0,75,14.333333333333334,20,0,14,1,0,11,0,0,12,12,7.53,Left,2.372,広島東洋カープ
中村　祐太,9,3,4,0,0,0,0,0,0,0.429,205,44.666666666666664,50,8,21,1,5,31,1,0,33,30,6.04,Right,1.59,広島東洋カープ
野村　祐輔,20,7,6,0,0,0,0,0,0,0.538,514,119.33333333333333,136,10,30,0,2,60,1,0,62,56,4.22,Right,1.391,広島東洋カープ
フランスア,47,3,4,1,19,22,0,0,0,0.429,267,65.0,38,3,34,1,2,81,0,2,16,12,1.66,Left,1.108,広島東洋カープ
福井　優也,3,0,3,0,0,0,0,0,0,0.0,67,15.0,18,5,5,0,0,13,1,0,14,14,8.4,Right,1.533,広島東洋カープ
藤井　皓哉,8,1,0,0,0,1,0,0,0,1.0,73,14.666666666666666,20,2,7,1,1,21,0,0,11,10,6.14,Right,1.841,広島東洋カープ
ヘルウェグ,7,0,0,0,2,2,0,0,0,0.0,33,8.0,4,0,5,0,1,10,0,0,1,1,1.13,Right,1.125,広島東洋カープ
薮田　和樹,9,2,1,0,0,1,0,0,0,0.667,134,26.666666666666668,28,4,32,0,1,18,3,0,22,17,5.74,Right,2.25,広島東洋カープ
東　克樹,24,11,5,0,0,0,1,1,0,0.688,626,154.0,130,13,42,2,2,155,1,0,45,42,2.45,Left,1.117,横浜DeNAベイスターズ
飯塚　悟史,9,1,6,0,0,0,0,0,0,0.143,198,43.666666666666664,52,8,23,3,1,34,1,0,24,23,4.74,Right,1.718,横浜DeNAベイスターズ
石田　健大,23,3,7,0,0,2,0,0,0,0.3,408,92.33333333333333,95,16,34,4,5,87,2,0,62,51,4.97,Left,1.397,横浜DeNAベイスターズ
井納　翔一,24,6,3,1,8,10,0,0,0,0.667,256,61.0,60,5,16,2,2,44,2,0,27,24,3.54,Right,1.246,横浜DeNAベイスターズ
今永　昇太,23,4,11,0,4,5,1,0,0,0.267,402,84.66666666666667,108,18,38,6,4,80,6,0,77,64,6.8,Left,1.724,横浜DeNAベイスターズ
ウィーランド,16,4,9,0,0,0,0,0,0,0.308,410,92.0,108,16,31,3,5,82,1,1,59,51,4.99,Right,1.511,横浜DeNAベイスターズ
エスコバー,53,4,3,0,13,17,0,0,0,0.571,223,53.0,47,4,22,3,2,54,0,0,24,21,3.57,Left,1.302,横浜DeNAベイスターズ
加賀　繁,9,0,0,0,1,1,0,0,0,0.0,43,10.0,14,2,0,0,0,9,0,0,9,9,8.1,Right,1.4,横浜DeNAベイスターズ
笠井　崇正,2,0,0,0,0,0,0,0,0,0.0,12,3.0,0,0,4,1,0,3,0,0,0,0,0.0,Right,1.333,横浜DeNAベイスターズ
京山　将弥,13,6,6,0,0,1,0,0,0,0.5,267,59.0,67,10,33,0,1,42,1,0,38,37,5.64,Right,1.695,横浜DeNAベイスターズ
国吉　佑樹,13,0,0,0,1,1,0,0,0,0.0,75,16.666666666666668,17,2,9,0,0,15,1,0,9,9,4.86,Right,1.56,横浜DeNAベイスターズ
須田　幸太,10,0,0,0,2,2,0,0,0,0.0,44,10.666666666666666,10,3,3,1,0,4,0,0,9,9,7.59,Right,1.219,横浜DeNAベイスターズ
砂田　毅樹,70,0,2,0,24,24,0,0,0,0.0,227,52.333333333333336,44,4,25,6,5,44,0,0,22,21,3.61,Left,1.318,横浜DeNAベイスターズ
平良　拳太郎,13,5,3,0,0,0,0,0,0,0.625,284,67.0,65,9,29,2,0,53,2,0,29,26,3.49,Right,1.403,横浜DeNAベイスターズ
田中　健二朗,11,1,1,0,0,1,0,0,0,0.5,54,12.333333333333334,14,2,6,1,0,14,0,0,9,9,6.57,Left,1.622,横浜DeNAベイスターズ
田村　丈,1,0,0,0,0,0,0,0,0,0.0,6,1.0,3,0,0,0,0,0,0,0,2,2,18.0,Right,3.0,横浜DeNAベイスターズ
中後　悠平,8,0,0,0,1,1,0,0,0,0.0,35,7.333333333333333,7,0,6,0,1,4,1,0,3,3,3.68,Left,1.773,横浜DeNAベイスターズ
パットン,58,5,1,0,33,38,0,0,0,0.833,235,56.0,53,3,16,4,3,67,0,0,16,16,2.57,Right,1.232,横浜DeNAベイスターズ
バリオス,14,2,5,0,0,0,0,0,0,0.286,228,54.0,52,1,12,0,2,39,2,1,23,20,3.33,Right,1.185,横浜DeNAベイスターズ
濵口　遥大,19,4,5,0,1,1,0,0,0,0.444,416,94.66666666666667,92,9,48,2,3,97,6,0,42,41,3.9,Left,1.479,横浜DeNAベイスターズ
平田　真吾,17,0,0,0,0,0,0,0,0,0.0,116,25.666666666666668,35,3,6,0,0,27,0,0,19,19,6.66,Right,1.597,横浜DeNAベイスターズ
藤岡　好明,15,1,0,0,1,2,0,0,0,1.0,67,14.666666666666666,15,1,5,1,2,9,0,0,10,10,6.14,Right,1.364,横浜DeNAベイスターズ
三上　朋也,65,1,1,0,25,26,0,0,0,0.5,239,56.0,55,3,20,4,3,40,2,0,19,19,3.05,Right,1.339,横浜DeNAベイスターズ
三嶋　一輝,60,7,2,0,15,22,0,0,0,0.778,292,68.0,61,8,31,7,2,82,6,0,30,30,3.97,Right,1.353,横浜DeNAベイスターズ
武藤　祐太,20,0,0,0,4,4,0,0,0,0.0,101,23.666666666666668,20,4,12,1,2,15,1,0,17,17,6.46,Right,1.352,横浜DeNAベイスターズ
山﨑　康晃,57,2,4,37,3,5,0,0,0,0.333,226,56.333333333333336,40,5,18,3,1,63,1,0,18,17,2.72,Right,1.03,横浜DeNAベイスターズ
秋吉　亮,35,2,2,0,6,8,0,0,0,0.5,166,38.333333333333336,40,5,12,4,2,24,0,0,20,18,4.23,Right,1.357,東京ヤクルトスワローズ
石川　雅規,22,7,6,0,0,0,0,0,0,0.538,488,110.66666666666667,121,19,41,1,4,78,2,0,70,60,4.88,Left,1.464,東京ヤクルトスワローズ
石山　泰稚,71,3,2,35,7,10,0,0,0,0.6,296,73.66666666666667,63,6,15,2,2,62,0,0,19,17,2.08,Right,1.059,東京ヤクルトスワローズ
ウルキデス,5,0,0,0,0,0,0,0,0,0.0,24,5.333333333333333,6,0,1,0,0,4,0,0,5,3,5.06,Right,1.312,東京ヤクルトスワローズ
梅野　雄吾,29,3,2,0,10,13,0,0,0,0.6,128,26.666666666666668,27,5,22,1,3,25,1,0,22,21,7.09,Right,1.838,東京ヤクルトスワローズ
大下　佑馬,25,2,1,0,5,7,0,0,0,0.667,171,43.666666666666664,31,6,9,0,3,35,3,0,17,15,3.09,Right,0.916,東京ヤクルトスワローズ
小川　泰弘,18,8,5,0,0,0,0,0,0,0.615,450,108.0,109,9,24,2,1,94,1,0,36,33,2.75,Right,1.231,東京ヤクルトスワローズ
カラシティー,32,7,3,3,1,6,0,0,0,0.7,420,94.66666666666667,89,7,43,1,4,73,7,0,53,44,4.18,Right,1.394,東京ヤクルトスワローズ
風張　蓮,53,2,4,0,4,6,0,0,0,0.333,241,57.666666666666664,48,11,22,0,1,61,4,0,30,28,4.37,Right,1.214,東京ヤクルトスワローズ
近藤　一樹,74,7,4,2,35,42,0,0,0,0.636,334,76.66666666666667,74,8,31,2,2,75,5,0,37,31,3.64,Right,1.37,東京ヤクルトスワローズ
高橋　奎二,3,1,1,0,0,0,0,0,0,0.5,69,15.0,14,4,8,0,2,20,0,0,10,5,3.0,Left,1.467,東京ヤクルトスワローズ
田川　賢吾,1,0,0,0,0,0,0,0,0,0.0,4,1.0,0,0,1,0,0,1,0,0,0,0,0.0,Right,1.0,東京ヤクルトスワローズ
館山　昌平,5,0,4,0,0,0,0,0,0,0.0,97,19.666666666666668,30,2,10,0,2,13,0,0,19,15,6.86,Right,2.034,東京ヤクルトスワローズ
寺島　成輝,1,0,1,0,0,0,0,0,0,0.0,13,2.0,4,1,4,0,0,2,0,0,6,6,27.0,Left,4.0,東京ヤクルトスワローズ
中尾　輝,54,7,3,0,12,19,0,0,0,0.7,248,54.0,53,5,33,4,1,56,7,0,25,21,3.5,Left,1.593,東京ヤクルトスワローズ
中澤　雅人,37,0,0,0,11,11,0,0,0,0.0,128,28.666666666666668,34,4,6,0,2,24,1,0,22,22,6.91,Left,1.395,東京ヤクルトスワローズ
沼田　拓巳,1,0,0,0,0,0,0,0,0,0.0,5,1.0,2,0,0,0,0,1,0,0,1,1,9.0,Right,2.0,東京ヤクルトスワローズ
ハフ,35,3,6,0,7,9,0,0,0,0.333,411,94.33333333333333,105,13,27,2,4,78,0,0,54,51,4.87,Left,1.399,東京ヤクルトスワローズ
原　樹理,30,6,7,0,1,2,2,1,1,0.462,461,110.66666666666667,102,3,31,0,3,93,5,0,48,38,3.09,Right,1.202,東京ヤクルトスワローズ
ブキャナン,28,10,11,0,0,0,2,1,1,0.476,751,174.33333333333334,186,17,53,4,10,95,3,0,85,78,4.03,Right,1.371,東京ヤクルトスワローズ
古野　正人,2,1,1,0,0,0,0,0,0,0.5,40,9.0,12,2,1,0,0,4,2,0,6,5,5.0,Right,1.444,東京ヤクルトスワローズ
星　知弥,18,2,0,0,0,1,0,0,0,1.0,136,31.333333333333332,24,5,21,0,0,23,0,0,14,14,4.02,Right,1.436,東京ヤクルトスワローズ
松岡　健一,14,1,0,0,0,1,0,0,0,1.0,73,14.666666666666666,16,1,9,0,2,14,2,0,11,8,4.91,Right,1.705,東京ヤクルトスワローズ
村中　恭兵,3,0,0,0,0,0,0,0,0,0.0,16,2.0,4,1,5,0,1,3,1,0,7,7,31.5,Left,4.5,東京ヤクルトスワローズ
山田　大樹,2,0,1,0,0,0,0,0,0,0.0,33,5.666666666666667,10,2,4,0,1,3,0,0,11,10,15.88,Left,2.471,東京ヤクルトスワローズ
山中　浩史,11,2,0,0,1,1,0,0,0,1.0,163,37.333333333333336,43,2,10,1,2,20,0,0,18,15,3.62,Right,1.42,東京ヤクルトスワローズ
山本　哲哉,4,0,0,0,0,0,0,0,0,0.0,19,4.0,5,1,1,0,0,0,0,0,2,2,4.5,Right,1.5,東京ヤクルトスワローズ
由規,7,1,2,0,0,0,0,0,0,0.333,155,34.333333333333336,34,4,20,0,1,37,1,0,17,17,4.46,Right,1.573,東京ヤクルトスワローズ
浅尾　拓也,10,0,0,0,0,0,0,0,0,0.0,40,9.333333333333334,7,1,8,0,0,7,1,0,5,5,4.82,Right,1.607,中日ドラゴンズ
石川　翔,1,0,0,0,1,1,0,0,0,0.0,3,1.0,0,0,0,0,0,0,0,0,0,0,0.0,Right,0.0,中日ドラゴンズ
伊藤　準規,11,2,0,0,1,3,0,0,0,1.0,65,13.666666666666666,13,2,11,0,2,6,3,0,6,6,3.95,Right,1.756,中日ドラゴンズ
岩瀬　仁紀,48,2,0,3,10,12,0,0,0,1.0,143,35.0,28,3,7,0,5,28,1,0,18,18,4.63,Left,1.0,中日ドラゴンズ
大野　雄大,6,0,3,0,0,0,0,0,0,0.0,130,27.333333333333332,32,7,19,0,0,21,1,0,27,26,8.56,Left,1.866,中日ドラゴンズ
小笠原　慎之介,17,5,6,0,0,0,1,1,0,0.455,466,107.33333333333333,108,15,47,0,3,73,2,0,53,49,4.11,Left,1.444,中日ドラゴンズ
岡田　俊哉,27,1,0,0,6,7,0,0,0,1.0,99,21.333333333333332,24,2,13,0,0,19,1,0,13,12,5.06,Left,1.734,中日ドラゴンズ
小熊　凌祐,8,3,4,0,0,0,0,0,0,0.429,190,43.333333333333336,51,7,10,0,0,37,1,0,35,30,6.23,Right,1.408,中日ドラゴンズ
ガルシア,27,13,9,0,0,0,2,2,0,0.591,711,168.66666666666666,144,13,73,0,6,132,2,1,60,56,2.99,Left,1.287,中日ドラゴンズ
笠原　祥太郎,20,6,4,0,0,0,1,1,0,0.6,479,108.66666666666667,100,12,49,1,6,88,2,0,52,50,4.14,Left,1.371,中日ドラゴンズ
木下　雄介,14,0,0,0,1,1,0,0,0,0.0,73,16.666666666666668,17,2,9,0,0,18,1,0,10,10,5.4,Right,1.56,中日ドラゴンズ
佐藤　優,42,1,2,5,10,11,0,0,0,0.333,184,43.333333333333336,27,2,23,0,3,51,2,0,15,10,2.08,Right,1.154,中日ドラゴンズ
ジー,4,0,3,0,0,0,2,0,0,0.0,111,27.0,26,5,7,0,2,16,0,0,14,12,4.0,Right,1.222,中日ドラゴンズ
清水　達也,2,0,0,0,0,0,0,0,0,0.0,10,2.0,3,0,2,0,0,2,0,0,2,2,9.0,Right,2.5,中日ドラゴンズ
鈴木　翔太,2,0,0,0,0,0,0,0,0,0.0,44,8.666666666666666,11,1,6,0,2,3,1,0,5,5,5.19,Right,1.962,中日ドラゴンズ
鈴木　博志,53,4,6,4,12,16,0,0,0,0.4,219,49.0,46,7,27,1,1,42,1,0,28,24,4.41,Right,1.49,中日ドラゴンズ
祖父江　大輔,51,2,2,0,17,19,0,0,0,0.5,208,48.666666666666664,45,5,19,0,0,36,0,0,19,17,3.14,Right,1.315,中日ドラゴンズ
田島　慎二,30,0,4,15,1,1,0,0,0,0.0,134,28.666666666666668,30,4,18,3,2,13,3,0,23,23,7.22,Right,1.674,中日ドラゴンズ
谷元　圭介,8,2,0,0,1,3,0,0,0,1.0,56,9.666666666666666,22,2,3,0,0,8,1,0,20,16,14.9,Right,2.586,中日ドラゴンズ
福　敬登,1,0,0,0,0,0,0,0,0,0.0,2,0.3333333333333333,0,0,1,0,0,0,0,0,0,0,0.0,Left,3.0,中日ドラゴンズ
福谷　浩司,29,0,1,0,4,4,0,0,0,0.0,114,27.0,31,5,7,0,0,28,0,0,16,15,5.0,Right,1.407,中日ドラゴンズ
藤嶋　健人,19,3,1,0,0,0,0,0,0,0.75,307,71.33333333333333,71,8,27,0,0,40,1,0,29,29,3.66,Right,1.374,中日ドラゴンズ
Ｒ．マルティネス,7,1,3,0,0,0,0,0,0,0.25,99,21.666666666666668,28,4,8,0,1,14,0,0,16,16,6.65,Right,1.662,中日ドラゴンズ
又吉　克樹,40,2,5,0,9,11,0,0,0,0.286,187,41.333333333333336,54,6,17,0,1,28,1,0,30,30,6.53,Right,1.718,中日ドラゴンズ
松坂　大輔,11,6,4,0,0,0,0,0,0,0.6,253,55.333333333333336,50,5,32,0,5,51,1,0,25,23,3.74,Right,1.482,中日ドラゴンズ
三ツ間　卓也,4,0,0,0,0,0,0,0,0,0.0,31,5.666666666666667,8,1,4,0,3,5,1,0,8,7,11.12,Right,2.118,中日ドラゴンズ
柳　裕也,10,2,5,0,0,0,1,1,0,0.286,237,53.333333333333336,59,2,18,0,2,42,0,0,34,31,5.23,Right,1.444,中日ドラゴンズ
山井　大介,10,3,6,0,0,0,1,1,0,0.333,259,62.333333333333336,55,12,21,0,1,43,2,0,28,28,4.04,Right,1.219,中日ドラゴンズ
山本　拓実,1,0,0,0,0,0,0,0,0,0.0,8,2.0,1,0,2,0,0,3,0,0,0,0,0.0,Right,1.5,中日ドラゴンズ
吉見　一起,20,5,7,0,0,0,1,1,1,0.417,516,125.66666666666667,136,15,24,0,4,61,1,1,54,54,3.87,Right,1.273,中日ドラゴンズ
ロドリゲス,26,0,3,1,9,9,0,0,0,0.0,116,27.333333333333332,22,1,14,1,1,26,1,0,9,7,2.3,Left,1.317,中日ドラゴンズ
阿部　和成,5,0,1,0,0,0,0,0,0,0.0,21,4.0,4,0,4,1,0,2,0,0,3,1,2.25,Right,2.0,千葉ロッテマリーンズ
有吉　優樹,29,6,5,0,2,2,0,0,0,0.545,462,106.0,118,15,31,1,4,54,2,0,50,44,3.74,Right,1.406,千葉ロッテマリーンズ
石川　歩,21,9,8,0,0,0,1,0,0,0.529,559,133.33333333333334,137,15,29,1,3,77,0,0,61,58,3.92,Right,1.245,千葉ロッテマリーンズ
岩下　大輝,18,1,3,0,6,6,0,0,0,0.25,117,25.666666666666668,28,0,13,0,1,17,1,0,14,13,4.56,Right,1.597,千葉ロッテマリーンズ
内　竜也,58,3,5,26,7,10,0,0,0,0.375,241,58.666666666666664,51,5,19,4,1,54,2,0,25,25,3.84,Right,1.193,千葉ロッテマリーンズ
オルモス,2,0,2,0,0,0,0,0,0,0.0,33,7.0,9,0,6,0,0,5,1,0,9,6,7.71,Left,2.143,千葉ロッテマリーンズ
大谷　智久,45,1,3,0,18,19,0,0,0,0.25,191,41.666666666666664,50,9,17,3,1,36,2,0,25,25,5.4,Right,1.608,千葉ロッテマリーンズ
大隣　憲司,2,0,2,0,0,0,0,0,0,0.0,14,1.6666666666666665,8,2,0,0,0,0,0,0,8,7,37.8,Left,4.8,千葉ロッテマリーンズ
唐川　侑己,25,1,3,0,4,4,0,0,0,0.25,188,47.666666666666664,43,5,10,1,1,31,0,0,17,15,2.83,Right,1.112,千葉ロッテマリーンズ
酒居　知史,15,2,6,0,0,0,0,0,0,0.25,373,83.66666666666667,91,12,35,0,4,55,0,2,57,52,5.59,Right,1.506,千葉ロッテマリーンズ
シェッパーズ,25,1,3,1,9,9,0,0,0,0.25,171,37.666666666666664,45,2,17,2,2,34,0,0,21,19,4.54,Right,1.646,千葉ロッテマリーンズ
関谷　亮太,2,0,0,0,0,0,0,0,0,0.0,21,5.0,5,0,1,0,0,2,0,0,3,3,5.4,Right,1.2,千葉ロッテマリーンズ
高野　圭佑,17,1,0,0,0,1,0,0,0,1.0,73,17.333333333333332,23,1,4,0,0,10,1,0,8,8,4.15,Right,1.558,千葉ロッテマリーンズ
田中　靖洋,32,2,1,0,5,7,0,0,0,0.667,113,26.333333333333332,27,3,5,3,1,16,1,0,13,13,4.44,Right,1.215,千葉ロッテマリーンズ
種市　篤暉,7,0,4,0,0,0,1,0,0,0.0,169,38.333333333333336,42,5,13,0,1,28,4,0,28,26,6.1,Right,1.435,千葉ロッテマリーンズ
チェン・グァンユウ,24,0,1,0,1,1,0,0,0,0.0,178,41.333333333333336,40,6,20,0,0,27,0,0,20,18,3.92,Left,1.452,千葉ロッテマリーンズ
東條　大樹,11,0,0,0,2,2,0,0,0,0.0,42,11.666666666666666,6,2,4,0,0,10,0,0,2,2,1.54,Right,0.857,千葉ロッテマリーンズ
土肥　星也,6,2,1,0,0,0,0,0,0,0.667,125,28.333333333333332,30,4,16,1,0,16,3,0,16,16,5.08,Left,1.624,千葉ロッテマリーンズ
永野　将司,4,0,0,0,0,0,0,0,0,0.0,15,4.0,1,0,4,0,0,3,0,0,0,0,0.0,Left,1.25,千葉ロッテマリーンズ
成田　翔,5,0,0,0,0,0,0,0,0,0.0,17,4.0,3,0,2,0,0,1,1,0,2,2,4.5,Left,1.25,千葉ロッテマリーンズ
西野　勇士,14,0,0,0,0,0,0,0,0,0.0,75,16.0,20,2,6,0,0,19,2,0,12,11,6.19,Right,1.625,千葉ロッテマリーンズ
二木　康太,16,4,7,0,0,0,3,1,0,0.364,416,100.66666666666667,90,9,35,1,2,90,4,0,49,44,3.93,Right,1.242,千葉ロッテマリーンズ
ボルシンガー,20,13,2,0,0,0,2,1,0,0.867,477,117.66666666666667,100,7,43,1,1,84,0,0,44,40,3.06,Right,1.215,千葉ロッテマリーンズ
益田　直也,70,2,6,3,17,19,0,0,0,0.25,264,64.33333333333333,44,6,27,1,3,61,2,0,26,22,3.08,Right,1.104,千葉ロッテマリーンズ
松永　昂大,60,2,5,0,26,28,0,0,0,0.286,172,40.0,40,1,18,1,2,35,0,0,15,14,3.15,Left,1.45,千葉ロッテマリーンズ
南　昌輝,35,2,2,0,6,8,0,0,0,0.5,152,33.0,37,0,17,3,1,29,2,0,13,11,3.0,Right,1.636,千葉ロッテマリーンズ
山本　大貴,1,0,1,0,0,0,0,0,0,0.0,17,3.0,5,0,4,0,0,1,0,0,4,2,6.0,Left,3.0,千葉ロッテマリーンズ
涌井　秀章,22,7,9,0,0,0,1,1,0,0.438,629,150.66666666666666,155,16,43,4,2,99,3,0,65,62,3.7,Right,1.314,千葉ロッテマリーンズ
渡邉　啓太,6,0,1,0,0,0,0,0,0,0.0,129,28.0,37,2,10,0,0,12,2,0,18,15,4.82,Right,1.679,千葉ロッテマリーンズ
飯田　優也,1,0,0,0,0,0,0,0,0,0.0,3,0.3333333333333333,0,0,1,0,1,0,0,0,2,2,54.0,Left,3.0,福岡ソフトバンクホークス
五十嵐　亮太,23,0,1,0,2,2,0,0,0,0.0,94,20.0,23,2,11,0,0,14,2,0,11,10,4.5,Right,1.7,福岡ソフトバンクホークス
石川　柊太,42,13,6,0,6,12,0,0,0,0.684,541,127.33333333333333,115,20,43,0,13,96,4,0,55,51,3.6,Right,1.241,福岡ソフトバンクホークス
岩嵜　翔,2,1,0,0,1,2,0,0,0,1.0,5,2.0,0,0,0,0,0,2,0,0,0,0,0.0,Right,0.0,福岡ソフトバンクホークス
大竹　耕太郎,11,3,2,0,0,0,0,0,0,0.6,197,48.666666666666664,45,6,13,0,1,36,0,0,21,21,3.88,Left,1.192,福岡ソフトバンクホークス
岡本　健,23,1,0,0,0,1,0,0,0,1.0,156,38.333333333333336,37,3,15,0,0,21,2,0,13,13,3.05,Right,1.357,福岡ソフトバンクホークス
笠原　大芽,1,0,0,0,0,0,0,0,0,0.0,6,1.0,2,0,0,0,1,0,0,0,1,1,9.0,Left,2.0,福岡ソフトバンクホークス
笠谷　俊介,9,0,1,0,0,0,0,0,0,0.0,39,7.666666666666667,11,1,6,0,0,4,1,0,6,6,7.04,Left,2.217,福岡ソフトバンクホークス
加治屋　蓮,72,4,3,0,31,35,0,0,0,0.571,284,66.66666666666667,67,5,25,5,4,53,3,0,25,25,3.38,Right,1.38,福岡ソフトバンクホークス
嘉弥真　新也,67,2,1,0,25,27,0,0,0,0.667,129,33.0,17,3,11,1,2,28,0,0,11,9,2.45,Left,0.848,福岡ソフトバンクホークス
サファテ,6,1,0,5,0,1,0,0,0,1.0,25,6.0,4,0,3,0,0,9,0,0,2,2,3.0,Right,1.167,福岡ソフトバンクホークス
椎野　新,1,0,0,0,0,0,0,0,0,0.0,8,2.0,2,1,0,0,0,1,0,0,2,2,9.0,Right,1.0,福岡ソフトバンクホークス
スアレス,11,1,1,0,3,4,0,0,0,0.5,51,10.0,15,1,5,0,1,10,0,0,7,7,6.3,Right,2.0,福岡ソフトバンクホークス
攝津　正,7,2,4,0,0,0,0,0,0,0.333,134,29.666666666666668,28,7,18,0,1,23,0,0,19,17,5.16,Right,1.551,福岡ソフトバンクホークス
千賀　滉大,22,13,7,0,0,0,1,1,1,0.65,584,141.0,116,21,58,0,5,163,5,0,57,55,3.51,Right,1.234,福岡ソフトバンクホークス
高橋　礼,12,0,1,0,0,0,0,0,0,0.0,123,30.0,23,2,13,0,4,15,0,0,10,10,3.0,Right,1.2,福岡ソフトバンクホークス
武田　翔太,27,4,9,1,0,1,3,3,0,0.308,522,124.66666666666667,123,11,37,0,1,87,1,0,67,62,4.48,Right,1.283,福岡ソフトバンクホークス
田中　正義,10,0,1,0,0,0,0,0,0,0.0,64,13.666666666666666,18,6,6,0,0,15,0,0,13,13,8.56,Right,1.756,福岡ソフトバンクホークス
寺原　隼人,21,0,0,0,4,4,0,0,0,0.0,123,26.333333333333332,25,1,18,0,3,20,0,0,8,7,2.39,Right,1.633,福岡ソフトバンクホークス
中田　賢一,23,5,3,0,0,1,0,0,0,0.625,410,91.66666666666667,87,13,57,0,3,79,5,1,54,53,5.2,Right,1.571,福岡ソフトバンクホークス
二保　旭,35,1,0,1,4,5,0,0,0,1.0,144,30.333333333333332,33,3,19,1,6,17,2,0,19,18,5.34,Right,1.714,福岡ソフトバンクホークス
バンデンハーク,23,10,7,0,0,0,0,0,0,0.588,585,138.0,113,21,61,2,10,127,2,0,68,66,4.3,Right,1.261,福岡ソフトバンクホークス
東浜　巨,17,7,5,0,0,0,2,0,0,0.583,425,103.0,91,15,32,0,3,83,1,0,42,38,3.32,Right,1.194,福岡ソフトバンクホークス
松田　遼馬,2,0,0,0,0,0,0,0,0,0.0,14,3.0,2,0,3,0,0,6,0,0,2,2,6.0,Right,1.667,福岡ソフトバンクホークス
松本　裕樹,6,1,2,0,0,0,0,0,0,0.333,124,28.666666666666668,25,5,14,0,1,20,0,1,11,11,3.45,Right,1.36,福岡ソフトバンクホークス
ミランダ,8,6,1,0,0,0,0,0,0,0.857,191,47.666666666666664,28,3,27,1,0,40,0,0,10,10,1.89,Left,1.154,福岡ソフトバンクホークス
モイネロ,49,5,1,0,13,18,0,0,0,0.833,190,45.666666666666664,31,6,24,0,1,57,1,0,23,23,4.53,Left,1.204,福岡ソフトバンクホークス
森　唯斗,66,2,4,37,6,8,0,0,0,0.333,252,61.333333333333336,51,7,19,1,2,61,0,0,20,19,2.79,Right,1.141,福岡ソフトバンクホークス
新垣　勇人,1,0,0,0,0,0,0,0,0,0.0,11,2.0,4,0,1,0,0,1,0,0,2,2,9.0,Right,2.5,北海道日本ハムファイターズ
有原　航平,20,8,5,2,1,1,1,0,0,0.615,471,110.66666666666667,124,17,15,0,5,87,0,0,60,56,4.55,Right,1.256,北海道日本ハムファイターズ
井口　和朋,31,1,1,1,7,8,0,0,0,0.5,129,32.666666666666664,26,0,9,2,0,28,1,0,11,9,2.48,Right,1.071,北海道日本ハムファイターズ
石井　裕也,1,0,0,0,1,1,0,0,0,0.0,1,0.3333333333333333,0,0,0,0,0,0,0,0,0,0,0.0,Left,0.0,北海道日本ハムファイターズ
石川　直也,52,1,2,19,18,19,0,0,0,0.333,204,48.666666666666664,44,4,17,1,0,53,1,0,16,14,2.59,Right,1.253,北海道日本ハムファイターズ
上原　健太,10,4,0,0,0,0,0,0,0,1.0,158,37.333333333333336,34,3,11,0,1,24,1,0,15,13,3.13,Left,1.205,北海道日本ハムファイターズ
浦野　博司,36,2,2,7,9,11,0,0,0,0.5,167,41.666666666666664,33,3,9,2,0,44,1,0,11,10,2.16,Right,1.008,北海道日本ハムファイターズ
上沢　直之,25,11,6,0,0,0,4,3,1,0.647,670,165.33333333333334,146,15,38,1,5,151,3,0,62,58,3.16,Right,1.113,北海道日本ハムファイターズ
鍵谷　陽平,28,0,0,0,2,2,0,0,0,0.0,128,27.333333333333332,33,2,12,0,1,22,1,0,14,13,4.28,Right,1.646,北海道日本ハムファイターズ
加藤　貴之,26,5,8,0,3,3,0,0,0,0.385,489,113.33333333333333,127,9,28,0,4,82,3,0,61,57,4.53,Left,1.368,北海道日本ハムファイターズ
北浦　竜次,1,0,0,0,1,1,0,0,0,0.0,3,1.0,0,0,0,0,0,1,0,0,0,0,0.0,Left,0.0,北海道日本ハムファイターズ
公文　克彦,57,2,0,0,11,13,0,0,0,1.0,226,54.0,51,3,14,3,1,52,3,0,15,13,2.17,Left,1.204,北海道日本ハムファイターズ
斎藤　佑樹,3,0,1,0,0,0,0,0,0,0.0,45,8.666666666666666,8,2,12,0,2,3,0,0,8,7,7.27,Right,2.308,北海道日本ハムファイターズ
杉浦　稔大,3,2,0,0,0,0,0,0,0,1.0,47,12.666666666666666,6,1,3,0,1,11,0,0,4,4,2.84,Right,0.711,北海道日本ハムファイターズ
高梨　裕稔,18,5,7,0,0,0,1,0,0,0.417,459,110.0,110,21,28,1,3,78,2,0,61,55,4.5,Right,1.255,北海道日本ハムファイターズ
立田　将太,1,0,0,0,0,0,0,0,0,0.0,3,1.0,0,0,0,0,0,1,0,0,0,0,0.0,Right,0.0,北海道日本ハムファイターズ
田中　豊樹,8,0,0,0,0,0,0,0,0,0.0,38,7.666666666666667,11,1,5,0,0,8,0,0,10,10,11.74,Right,2.087,北海道日本ハムファイターズ
玉井　大翔,40,2,3,0,2,4,0,0,0,0.4,209,48.0,48,5,13,1,7,40,2,0,24,22,4.13,Right,1.271,北海道日本ハムファイターズ
トンキン,53,4,4,12,20,24,0,0,0,0.5,226,51.0,45,2,23,2,7,33,6,0,24,21,3.71,Right,1.333,北海道日本ハムファイターズ
西村　天裕,26,2,2,1,8,10,0,0,0,0.5,102,23.0,21,1,12,2,2,25,1,0,9,9,3.52,Right,1.435,北海道日本ハムファイターズ
白村　明弘,3,0,0,0,0,0,0,0,0,0.0,23,4.666666666666667,8,1,1,0,0,4,1,0,6,5,9.64,Right,1.929,北海道日本ハムファイターズ
藤岡　貴裕,4,0,2,0,0,0,0,0,0,0.0,45,9.666666666666666,12,0,8,1,0,6,1,0,7,7,6.52,Left,2.069,北海道日本ハムファイターズ
堀　瑞輝,10,2,3,1,1,1,0,0,0,0.4,154,35.333333333333336,33,9,17,0,3,28,2,0,23,23,5.86,Left,1.415,北海道日本ハムファイターズ
マルティネス,25,10,11,0,0,0,3,0,0,0.476,683,161.66666666666666,168,16,40,3,6,93,3,0,69,63,3.51,Right,1.287,北海道日本ハムファイターズ
宮台　康平,1,0,0,0,0,0,0,0,0,0.0,24,4.666666666666667,4,0,4,0,2,3,1,0,2,2,3.86,Left,1.714,北海道日本ハムファイターズ
宮西　尚生,55,4,3,0,37,41,0,0,0,0.571,186,45.0,29,1,20,3,5,39,0,0,11,9,1.8,Left,1.089,北海道日本ハムファイターズ
村田　透,18,6,3,0,0,1,0,0,0,0.667,319,77.0,70,5,18,0,5,45,1,0,32,28,3.27,Right,1.143,北海道日本ハムファイターズ
吉田　侑樹,1,0,1,0,0,0,0,0,0,0.0,20,3.6666666666666665,6,0,2,0,0,2,1,0,6,3,7.36,Right,2.182,北海道日本ハムファイターズ
ロドリゲス,9,3,2,0,0,0,0,0,0,0.6,165,37.666666666666664,41,0,12,0,3,23,2,1,23,22,5.26,Right,1.407,北海道日本ハムファイターズ
青山　浩二,52,4,1,0,26,30,0,0,0,0.8,200,48.666666666666664,35,2,21,2,4,37,1,0,11,10,1.85,Right,1.151,東北楽天ゴールデンイーグルス
安樂　智大,2,0,2,0,0,0,0,0,0,0.0,43,8.0,14,1,2,0,1,2,0,0,10,9,10.13,Right,2.0,東北楽天ゴールデンイーグルス
池田　隆英,15,1,5,0,4,4,0,0,0,0.167,206,42.666666666666664,60,4,21,2,0,24,5,0,33,28,5.91,Right,1.898,東北楽天ゴールデンイーグルス
小野　郁,9,0,1,0,0,0,0,0,0,0.0,42,10.333333333333334,9,1,4,0,2,9,0,0,4,4,3.48,Right,1.258,東北楽天ゴールデンイーグルス
釜田　佳直,12,0,0,0,1,1,0,0,0,0.0,67,12.666666666666666,14,1,14,2,2,9,2,0,12,12,8.53,Right,2.211,東北楽天ゴールデンイーグルス
辛島　航,23,4,9,1,0,0,0,0,0,0.308,508,117.66666666666667,120,12,46,1,7,99,3,0,55,53,4.05,Left,1.411,東北楽天ゴールデンイーグルス
菊池　保則,3,0,0,0,0,0,0,0,0,0.0,55,13.0,11,1,4,0,1,15,0,0,2,2,1.38,Right,1.154,東北楽天ゴールデンイーグルス
岸　孝之,23,11,4,0,0,0,4,1,1,0.733,625,159.0,127,21,29,3,8,159,3,0,52,48,2.72,Right,0.981,東北楽天ゴールデンイーグルス
久保　裕也,25,1,0,1,3,4,0,0,0,1.0,112,26.333333333333332,22,4,11,1,1,18,2,0,6,5,1.71,Right,1.253,東北楽天ゴールデンイーグルス
近藤　弘樹,9,0,2,0,0,0,0,0,0,0.0,130,29.0,35,5,9,1,1,15,4,0,22,22,6.83,Right,1.517,東北楽天ゴールデンイーグルス
今野　龍太,3,0,0,0,0,0,0,0,0,0.0,22,5.0,4,0,4,1,0,6,0,0,1,1,1.8,Right,1.6,東北楽天ゴールデンイーグルス
塩見　貴洋,11,2,3,0,0,0,1,0,1,0.4,278,68.33333333333333,71,8,8,0,2,53,0,0,30,27,3.56,Left,1.156,東北楽天ゴールデンイーグルス
菅原　秀,16,0,0,0,0,0,0,0,0,0.0,101,23.333333333333332,22,5,13,0,0,17,0,0,20,19,7.33,Right,1.5,東北楽天ゴールデンイーグルス
宋　家豪,40,5,3,0,6,11,0,0,0,0.625,167,41.666666666666664,26,5,21,5,0,38,0,0,9,8,1.73,Right,1.128,東北楽天ゴールデンイーグルス
高梨　雄平,70,1,4,1,16,17,0,0,0,0.2,212,48.0,38,1,23,4,6,53,0,0,21,13,2.44,Left,1.271,東北楽天ゴールデンイーグルス
戸村　健次,2,0,0,0,0,0,0,0,0,0.0,7,1.0,3,1,1,0,0,0,0,0,2,2,18.0,Right,4.0,東北楽天ゴールデンイーグルス
西口　直人,1,0,0,0,0,0,0,0,0,0.0,29,7.666666666666667,5,1,1,0,0,3,0,0,2,2,2.35,Right,0.783,東北楽天ゴールデンイーグルス
西宮　悠介,7,0,0,0,1,1,0,0,0,0.0,41,9.333333333333334,7,1,9,0,1,10,2,0,4,4,3.86,Left,1.714,東北楽天ゴールデンイーグルス
則本　昂大,27,10,11,0,0,1,4,1,0,0.476,759,180.33333333333334,171,18,51,2,3,187,5,0,78,74,3.69,Right,1.231,東北楽天ゴールデンイーグルス
ハーマン,47,2,3,18,12,14,0,0,0,0.4,183,45.333333333333336,36,2,17,2,2,44,4,0,13,10,1.99,Right,1.169,東北楽天ゴールデンイーグルス
濱矢　廣大,7,0,0,0,0,0,0,0,0,0.0,41,9.666666666666666,9,1,4,0,0,8,0,0,4,4,3.72,Left,1.345,東北楽天ゴールデンイーグルス
福山　博之,21,1,2,0,3,4,0,0,0,0.333,100,21.333333333333332,28,1,14,3,0,4,1,0,16,16,6.75,Right,1.969,東北楽天ゴールデンイーグルス
藤平　尚真,14,4,7,0,0,0,1,0,0,0.364,361,81.33333333333333,65,17,54,1,3,68,6,1,43,40,4.43,Right,1.463,東北楽天ゴールデンイーグルス
古川　侑利,18,4,9,0,0,0,0,0,0,0.308,419,98.0,93,11,46,1,1,77,4,0,46,45,4.13,Right,1.418,東北楽天ゴールデンイーグルス
松井　裕樹,53,5,8,5,11,15,0,0,0,0.385,281,66.66666666666667,53,4,29,2,3,91,5,0,28,27,3.65,Left,1.23,東北楽天ゴールデンイーグルス
美馬　学,14,2,6,0,0,0,0,0,0,0.25,340,79.0,88,12,23,2,3,41,1,0,42,40,4.56,Right,1.405,東北楽天ゴールデンイーグルス
森　雄大,9,0,0,0,0,0,0,0,0,0.0,80,19.0,17,2,11,0,0,9,1,0,6,5,2.37,Left,1.474,東北楽天ゴールデンイーグルス
森原　康平,17,1,2,0,1,2,0,0,0,0.333,73,17.0,18,1,3,1,0,19,1,0,11,11,5.82,Right,1.235,東北楽天ゴールデンイーグルス
相内　誠,10,0,1,0,0,0,0,0,0,0.0,67,15.666666666666666,14,1,7,0,1,12,3,0,6,6,3.45,Right,1.34,埼玉西武ライオンズ
伊藤　翔,16,3,0,0,0,2,0,0,0,1.0,115,26.333333333333332,26,1,9,0,1,13,1,0,12,8,2.73,Right,1.329,埼玉西武ライオンズ
今井　達也,15,5,5,0,0,0,1,0,0,0.5,345,78.66666666666667,74,11,35,0,6,65,4,1,45,42,4.81,Right,1.386,埼玉西武ライオンズ
ウルフ,14,4,4,0,0,0,0,0,0,0.5,290,66.0,88,10,18,0,1,40,4,0,42,35,4.77,Right,1.606,埼玉西武ライオンズ
榎田　大樹,23,11,4,0,0,0,0,0,0,0.733,566,132.66666666666666,132,14,40,0,14,98,0,0,53,49,3.32,Left,1.296,埼玉西武ライオンズ
大石　達也,10,1,0,0,2,3,0,0,0,1.0,43,9.0,12,2,4,0,1,7,2,0,8,7,7.0,Right,1.778,埼玉西武ライオンズ
小川　龍也,15,1,0,0,4,5,0,0,0,1.0,46,11.333333333333334,11,0,3,0,1,7,0,0,3,2,1.59,Left,1.235,埼玉西武ライオンズ
カスティーヨ,20,7,4,3,1,3,0,0,0,0.636,330,74.33333333333333,60,5,45,1,6,51,0,0,38,37,4.48,Right,1.413,埼玉西武ライオンズ
菊池　雄星,23,14,4,0,0,0,1,0,0,0.778,654,163.66666666666666,124,16,45,1,4,153,7,0,59,56,3.08,Left,1.033,埼玉西武ライオンズ
郭　俊麟,3,1,0,0,0,0,0,0,0,1.0,68,15.666666666666666,17,4,5,0,1,10,0,0,11,11,6.32,Right,1.404,埼玉西武ライオンズ
小石　博孝,22,1,0,0,0,1,0,0,0,1.0,115,26.333333333333332,24,4,15,0,4,10,1,0,12,12,4.1,Left,1.481,埼玉西武ライオンズ
齊藤　大将,16,1,3,0,1,2,0,0,0,0.25,78,16.666666666666668,14,2,14,0,3,10,2,0,13,13,7.02,Left,1.68,埼玉西武ライオンズ
佐野　泰雄,5,0,1,0,0,0,0,0,0,0.0,47,9.666666666666666,15,3,5,0,2,3,0,0,9,9,8.38,Left,2.069,埼玉西武ライオンズ
高木　勇人,8,1,2,0,0,0,0,0,0,0.333,96,19.666666666666668,25,2,11,0,2,10,3,0,22,19,8.69,Right,1.831,埼玉西武ライオンズ
髙橋　光成,3,2,1,0,0,0,0,0,0,0.667,91,20.0,17,2,13,0,1,15,1,0,10,10,4.5,Right,1.5,埼玉西武ライオンズ
髙橋　朋己,1,0,0,0,0,0,0,0,0,0.0,2,0.0,1,0,1,0,0,0,1,0,2,2,,Left,,埼玉西武ライオンズ
武隈　祥太,35,1,2,0,9,10,0,0,0,0.333,140,29.666666666666668,36,4,19,1,3,22,0,0,22,21,6.37,Left,1.854,埼玉西武ライオンズ
田村　伊知郎,4,0,0,0,0,0,0,0,0,0.0,21,5.0,6,1,0,0,0,3,0,0,2,2,3.6,Right,1.2,埼玉西武ライオンズ
多和田　真三郎,26,16,5,0,0,0,5,2,1,0.762,730,172.66666666666666,173,12,47,0,11,102,5,0,81,73,3.81,Right,1.274,埼玉西武ライオンズ
十亀　剣,22,5,8,0,0,0,0,0,0,0.385,535,124.33333333333333,114,16,56,0,6,82,2,0,65,61,4.42,Right,1.367,埼玉西武ライオンズ
豊田　拓矢,2,0,0,0,0,0,0,0,0,0.0,7,1.3333333333333333,2,0,1,0,0,0,0,0,2,2,13.5,Right,2.25,埼玉西武ライオンズ
中塚　駿太,2,0,0,0,0,0,0,0,0,0.0,13,2.0,3,0,4,0,0,4,0,0,4,4,18.0,Right,3.5,埼玉西武ライオンズ
野田　昇吾,58,1,1,1,19,20,0,0,0,0.5,181,41.0,36,7,24,0,4,40,2,0,17,16,3.51,Left,1.463,埼玉西武ライオンズ
ヒース,42,4,1,13,9,13,0,0,0,0.8,158,39.666666666666664,28,4,8,0,3,53,2,0,11,11,2.5,Right,0.908,埼玉西武ライオンズ
平井　克典,64,3,1,0,21,24,0,0,0,0.75,217,53.0,40,9,19,0,2,54,1,0,22,20,3.4,Right,1.113,埼玉西武ライオンズ
本田　圭佑,1,0,0,0,0,0,0,0,0,0.0,15,2.3333333333333335,7,2,1,0,0,0,2,0,6,6,23.14,Right,3.429,埼玉西武ライオンズ
マーティン,22,2,1,1,10,12,0,0,0,0.667,88,21.666666666666668,15,2,12,0,2,26,0,0,5,5,2.08,Right,1.246,埼玉西武ライオンズ
増田　達至,41,2,4,14,2,4,0,0,0,0.333,170,38.333333333333336,44,5,9,2,2,23,1,0,23,22,5.17,Right,1.383,埼玉西武ライオンズ
松本　直晃,24,0,0,0,1,1,0,0,0,0.0,113,24.0,31,4,10,0,1,16,0,0,18,18,6.75,Right,1.708,埼玉西武ライオンズ
南川　忠亮,4,0,0,0,0,0,0,0,0,0.0,27,4.666666666666667,12,2,3,0,0,6,0,0,9,8,15.43,Right,3.214,埼玉西武ライオンズ
ワグナー,36,2,1,1,9,11,0,0,0,0.667,147,32.0,29,3,23,0,2,24,0,0,21,15,4.22,Right,1.625,埼玉西武ライオンズ
アルバース,19,9,2,0,0,0,0,0,0,0.818,455,114.0,105,10,21,0,2,83,0,1,40,39,3.08,Left,1.105,オリックス・バファローズ
青山　大紀,3,0,0,0,0,0,0,0,0,0.0,12,2.0,2,0,5,0,0,2,0,0,1,1,4.5,Right,3.5,オリックス・バファローズ
岩本　輝,17,1,2,0,5,6,0,0,0,0.333,63,14.666666666666666,13,3,7,1,0,7,0,0,8,7,4.3,Right,1.364,オリックス・バファローズ
大山　暁史,6,0,0,0,0,0,0,0,0,0.0,24,5.333333333333333,8,0,1,0,0,4,0,0,3,3,5.06,Left,1.688,オリックス・バファローズ
海田　智行,4,0,0,0,0,0,0,0,0,0.0,14,2.6666666666666665,5,0,0,0,0,0,0,0,4,4,13.5,Left,1.875,オリックス・バファローズ
金子　千尋,17,4,7,0,0,0,0,0,0,0.364,430,100.0,97,11,35,0,3,72,3,0,47,43,3.87,Right,1.32,オリックス・バファローズ
金田　和之,10,0,0,0,0,0,0,0,0,0.0,65,12.333333333333334,20,2,8,0,1,14,2,0,10,10,7.3,Right,2.27,オリックス・バファローズ
岸田　護,17,0,0,0,1,1,0,0,0,0.0,59,15.333333333333334,13,0,2,0,0,14,0,0,4,4,2.35,Right,0.978,オリックス・バファローズ
黒木　優太,39,1,1,0,17,18,0,0,0,0.5,145,34.0,37,3,12,2,0,26,1,0,17,17,4.5,Right,1.441,オリックス・バファローズ
Ｋ－鈴木,4,0,0,0,0,0,0,0,0,0.0,42,7.333333333333333,11,3,9,0,0,2,0,0,9,7,8.59,Right,2.727,オリックス・バファローズ
小林　慶祐,7,0,0,0,1,1,0,0,0,0.0,50,9.0,20,4,5,0,0,9,0,0,13,11,11.0,Right,2.778,オリックス・バファローズ
近藤　大亮,52,3,3,0,9,12,0,0,0,0.5,223,54.0,34,7,27,4,0,52,0,0,21,20,3.33,Right,1.13,オリックス・バファローズ
齋藤　綱記,5,0,0,0,0,0,0,0,0,0.0,12,3.3333333333333335,0,0,1,0,1,4,0,0,2,2,5.4,Left,0.3,オリックス・バファローズ
榊原　翼,5,0,0,0,0,0,0,0,0,0.0,72,18.0,12,0,7,0,0,17,0,0,7,7,3.5,Right,1.056,オリックス・バファローズ
澤田　圭佑,47,5,0,0,8,13,0,0,0,1.0,201,49.666666666666664,45,5,11,2,1,45,0,0,14,14,2.54,Right,1.128,オリックス・バファローズ
田嶋　大樹,12,6,3,0,0,0,0,0,0,0.667,291,68.66666666666667,60,9,24,0,4,69,2,0,33,31,4.06,Left,1.223,オリックス・バファローズ
ディクソン,18,4,6,0,0,0,1,1,0,0.4,414,99.0,90,7,30,0,5,84,4,0,40,39,3.55,Right,1.212,オリックス・バファローズ
東明　大貴,7,1,4,0,0,0,0,0,0,0.2,153,39.666666666666664,35,1,3,0,1,24,0,0,10,10,2.27,Right,0.958,オリックス・バファローズ
西　勇輝,25,10,13,0,0,0,0,0,0,0.435,679,162.33333333333334,162,15,36,2,6,119,1,0,66,65,3.6,Right,1.22,オリックス・バファローズ
比嘉　幹貴,43,0,2,1,9,9,0,0,0,0.0,135,35.333333333333336,25,3,7,5,3,22,0,0,10,8,2.04,Right,0.906,オリックス・バファローズ
増井　浩俊,63,2,5,35,9,11,0,0,0,0.286,278,65.0,55,4,33,4,1,69,7,0,18,18,2.49,Right,1.354,オリックス・バファローズ
松葉　貴大,8,2,1,0,0,0,0,0,0,0.667,158,36.333333333333336,40,6,15,0,0,23,0,0,22,21,5.2,Left,1.514,オリックス・バファローズ
山岡　泰輔,30,7,12,0,4,4,1,1,0,0.368,619,146.0,137,21,49,1,6,121,4,1,71,64,3.95,Right,1.274,オリックス・バファローズ
山﨑　福也,7,0,1,0,0,0,0,0,0,0.0,80,17.666666666666668,21,2,7,1,0,9,0,0,11,9,4.58,Left,1.585,オリックス・バファローズ
山田　修義,30,1,2,0,10,11,0,0,0,0.333,84,21.333333333333332,14,1,6,0,0,20,0,0,10,9,3.8,Left,0.938,オリックス・バファローズ
山本　由伸,54,4,2,1,32,36,0,0,0,0.667,213,53.0,40,4,16,1,2,46,2,0,19,17,2.89,Right,1.057,オリックス・バファローズ
吉田　一将,58,3,4,0,21,24,0,0,0,0.429,233,56.333333333333336,47,4,18,4,3,53,1,0,24,24,3.83,Right,1.154,オリックス・バファローズ
ローチ,11,2,3,0,0,1,0,0,0,0.4,225,50.333333333333336,63,2,15,0,6,19,0,0,31,28,5.01,Right,1.55,オリックス・バファローズ
