Name,G,PA,AB,R,H,2B,3B,HR,TB,RBI,SB,CS,SAC,SF,BB,IBB,HBP,SO,GDP,BA,SLG,OBP,Hand,OPS,Team
アダメス,11,0,0,0,0,0,0,0,0,0,0,0,0,0,0,0,0,0,0,.000,0.0,0.0,Right,0.0,読売ジャイアンツ
阿部　慎之助,95,192,158,15,47,8,0,7,76,27,0,0,0,2,28,2,4,23,1,.297,0.481,0.411,Left,0.892,読売ジャイアンツ
池田　駿,2,0,0,0,0,0,0,0,0,0,0,0,0,0,0,0,0,0,0,.000,0.0,0.0,Left,0.0,読売ジャイアンツ
石川　慎吾,55,76,70,12,18,2,0,4,32,10,0,0,0,0,6,1,0,14,2,.257,0.457,0.316,Right,0.773,読売ジャイアンツ
今村　信貴,17,26,23,2,4,0,0,0,4,1,0,0,2,0,1,0,0,9,0,.174,0.174,0.208,Left,0.382,読売ジャイアンツ
宇佐見　真吾,3,4,4,0,1,0,0,0,1,0,0,0,0,0,0,0,0,0,0,.250,0.25,0.25,Left,0.5,読売ジャイアンツ
大江　竜聖,8,1,0,0,0,0,0,0,0,0,0,0,1,0,0,0,0,0,0,.000,0.0,0.0,Left,0.0,読売ジャイアンツ
大城　卓三,109,329,294,19,78,16,1,6,114,30,0,1,5,1,25,0,4,80,7,.265,0.388,0.33,Left,0.718,読売ジャイアンツ
大竹　寛,32,0,0,0,0,0,0,0,0,0,0,0,0,0,0,0,0,0,0,.000,0.0,0.0,Right,0.0,読売ジャイアンツ
岡本　和真,143,628,555,84,147,29,0,31,269,94,3,0,2,3,62,3,6,132,15,.265,0.485,0.343,Right,0.828,読売ジャイアンツ
鍵谷　陽平,27,1,1,0,0,0,0,0,0,0,0,0,0,0,0,0,0,1,0,.000,0.0,0.0,Right,0.0,読売ジャイアンツ
加藤　脩平,5,3,3,2,0,0,0,0,0,0,0,0,0,0,0,0,0,1,0,.000,0.0,0.0,Left,0.0,読売ジャイアンツ
亀井　善行,131,503,450,67,128,27,2,13,198,55,9,1,3,5,45,3,0,91,6,.284,0.44,0.346,Left,0.786,読売ジャイアンツ
岸田　行倫,4,7,7,0,0,0,0,0,0,0,0,0,0,0,0,0,0,2,0,.000,0.0,0.0,Right,0.0,読売ジャイアンツ
北村　拓己,5,7,5,3,0,0,0,0,0,0,1,0,0,0,1,0,1,2,0,.000,0.0,0.286,Right,0.286,読売ジャイアンツ
クック,13,1,1,0,0,0,0,0,0,0,0,0,0,0,0,0,0,1,0,.000,0.0,0.0,Right,0.0,読売ジャイアンツ
鍬原　拓也,16,1,1,0,0,0,0,0,0,0,0,0,0,0,0,0,0,1,0,.000,0.0,0.0,Right,0.0,読売ジャイアンツ
ゲレーロ,101,333,287,33,68,16,2,21,151,54,1,0,1,1,40,2,4,59,5,.237,0.526,0.337,Right,0.863,読売ジャイアンツ
小林　誠司,92,236,213,20,52,6,0,2,64,19,1,0,11,1,7,0,4,48,12,.244,0.3,0.28,Right,0.58,読売ジャイアンツ
坂本　工宜,2,0,0,0,0,0,0,0,0,0,0,0,0,0,0,0,0,0,0,.000,0.0,0.0,Right,0.0,読売ジャイアンツ
坂本　勇人,143,639,555,103,173,26,0,40,319,94,5,3,3,2,77,6,2,123,9,.312,0.575,0.396,Right,0.971,読売ジャイアンツ
桜井　俊貴,29,29,23,0,2,0,0,0,2,0,0,0,4,0,2,0,0,13,0,.087,0.087,0.16,Right,0.247,読売ジャイアンツ
澤村　拓一,43,2,1,0,0,0,0,0,0,0,0,0,1,0,0,0,0,1,0,.000,0.0,0.0,Right,0.0,読売ジャイアンツ
重信　慎之介,106,174,158,25,42,7,2,2,59,16,14,3,2,3,11,1,0,43,1,.266,0.373,0.308,Left,0.681,読売ジャイアンツ
菅野　智之,22,53,46,2,4,1,0,0,5,3,0,0,7,0,0,0,0,16,0,.087,0.109,0.087,Right,0.196,読売ジャイアンツ
炭谷　銀仁朗,58,138,126,17,33,4,0,6,55,26,0,0,2,1,7,1,2,28,4,.262,0.437,0.309,Right,0.746,読売ジャイアンツ
高木　京介,55,4,4,0,0,0,0,0,0,0,0,0,0,0,0,0,0,1,0,.000,0.0,0.0,Left,0.0,読売ジャイアンツ
髙田　萌生,2,1,1,0,0,0,0,0,0,0,0,0,0,0,0,0,0,1,0,.000,0.0,0.0,Right,0.0,読売ジャイアンツ
髙橋　優貴,18,34,32,1,3,0,0,0,3,1,0,0,2,0,0,0,0,20,1,.094,0.094,0.094,Left,0.188,読売ジャイアンツ
田口　麗斗,55,3,2,0,0,0,0,0,0,0,0,0,1,0,0,0,0,2,0,.000,0.0,0.0,Left,0.0,読売ジャイアンツ
立岡　宗一郎,25,16,14,4,4,2,0,0,6,1,3,0,0,0,2,0,0,4,0,.286,0.429,0.375,Left,0.804,読売ジャイアンツ
田中　俊太,62,176,156,17,35,7,0,4,54,14,2,0,4,2,14,0,0,36,2,.224,0.346,0.285,Left,0.631,読売ジャイアンツ
田中　貴也,1,0,0,0,0,0,0,0,0,0,0,0,0,0,0,0,0,0,0,.000,0.0,0.0,Left,0.0,読売ジャイアンツ
田原　誠次,25,0,0,0,0,0,0,0,0,0,0,0,0,0,0,0,0,0,0,.000,0.0,0.0,Left,0.0,読売ジャイアンツ
デラロサ,26,0,0,0,0,0,0,0,0,0,0,0,0,0,0,0,0,0,0,.000,0.0,0.0,Right,0.0,読売ジャイアンツ
戸郷　翔征,2,3,3,0,0,0,0,0,0,0,0,0,0,0,0,0,0,2,0,.000,0.0,0.0,Right,0.0,読売ジャイアンツ
戸根　千明,26,1,0,0,0,0,0,0,0,0,0,0,1,0,0,0,0,0,0,.000,0.0,0.0,Left,0.0,読売ジャイアンツ
中川　皓太,67,0,0,0,0,0,0,0,0,0,0,0,0,0,0,0,0,0,0,.000,0.0,0.0,Left,0.0,読売ジャイアンツ
中島　宏之,43,65,54,5,8,4,0,1,15,5,1,0,0,1,9,0,1,21,1,.148,0.278,0.277,Right,0.555,読売ジャイアンツ
野上　亮磨,13,2,2,0,0,0,0,0,0,0,0,0,0,0,0,0,0,2,0,.000,0.0,0.0,Right,0.0,読売ジャイアンツ
畠　世周,5,4,2,1,1,0,0,0,1,0,0,0,1,0,1,0,0,1,0,.500,0.5,0.667,Left,1.167,読売ジャイアンツ
ビヤヌエバ,73,235,202,24,45,9,0,8,78,24,2,0,1,1,25,0,6,52,5,.223,0.386,0.325,Right,0.711,読売ジャイアンツ
古川　侑利,3,1,1,0,0,0,0,0,0,0,0,0,0,0,0,0,0,1,0,.000,0.0,0.0,Right,0.0,読売ジャイアンツ
堀岡　隼人,3,0,0,0,0,0,0,0,0,0,0,0,0,0,0,0,0,0,0,.000,0.0,0.0,Right,0.0,読売ジャイアンツ
マシソン,28,0,0,0,0,0,0,0,0,0,0,0,0,0,0,0,0,0,0,.000,0.0,0.0,Right,0.0,読売ジャイアンツ
マルティネス,6,8,8,0,1,1,0,0,2,1,0,0,0,0,0,0,0,5,0,.125,0.25,0.125,Switch,0.375,読売ジャイアンツ
増田　大輝,75,58,50,20,10,2,2,0,16,6,15,2,2,0,6,0,0,11,2,.200,0.32,0.286,Right,0.606,読売ジャイアンツ
丸　佳浩,143,631,535,82,156,26,1,27,265,89,12,5,0,7,86,3,3,125,15,.292,0.495,0.388,Left,0.883,読売ジャイアンツ
宮國　椋丞,29,2,2,0,0,0,0,0,0,0,0,0,0,0,0,0,0,2,0,.000,0.0,0.0,Right,0.0,読売ジャイアンツ
メルセデス,22,42,36,1,3,0,0,0,3,0,0,0,5,0,1,0,0,16,0,.083,0.083,0.108,Switch,0.191,読売ジャイアンツ
森福　允彦,7,0,0,0,0,0,0,0,0,0,0,0,0,0,0,0,0,0,0,.000,0.0,0.0,Left,0.0,読売ジャイアンツ
ヤングマン,10,14,13,1,3,0,0,0,3,0,0,0,1,0,0,0,0,4,0,.231,0.231,0.231,Right,0.462,読売ジャイアンツ
山口　俊,26,69,56,2,4,2,0,0,6,2,0,0,10,0,3,0,0,34,1,.071,0.107,0.119,Right,0.226,読売ジャイアンツ
山下　航汰,12,13,12,1,2,1,0,0,3,0,0,0,0,0,1,0,0,2,0,.167,0.25,0.231,Left,0.481,読売ジャイアンツ
山本　泰寛,92,212,177,31,41,7,3,2,60,10,2,0,6,0,22,1,7,51,3,.232,0.339,0.34,Right,0.679,読売ジャイアンツ
陽　岱鋼,110,231,208,28,57,8,1,4,79,21,0,1,0,0,22,0,1,66,9,.274,0.38,0.346,Right,0.726,読売ジャイアンツ
吉川　大幾,10,10,9,0,0,0,0,0,0,0,0,0,0,0,1,0,0,3,1,.000,0.0,0.1,Right,0.1,読売ジャイアンツ
吉川　尚輝,11,46,41,7,16,1,0,0,17,3,1,2,2,0,3,0,0,4,1,.390,0.415,0.432,Left,0.847,読売ジャイアンツ
吉川　光夫,9,0,0,0,0,0,0,0,0,0,0,0,0,0,0,0,0,0,0,.000,0.0,0.0,Left,0.0,読売ジャイアンツ
若林　晃弘,77,273,234,34,56,9,1,5,82,21,11,2,4,1,32,1,2,51,3,.239,0.35,0.335,Switch,0.685,読売ジャイアンツ
青柳　晃洋,25,43,37,0,0,0,0,0,0,1,0,0,4,1,1,0,0,19,3,.000,0.0,0.026,Right,0.026,阪神タイガース
秋山　拓巳,10,19,16,0,2,0,0,0,2,1,0,0,2,0,1,0,0,3,0,.125,0.125,0.176,Left,0.301,阪神タイガース
荒木　郁也,9,9,9,4,1,1,0,0,2,0,0,1,0,0,0,0,0,4,0,.111,0.222,0.111,Left,0.333,阪神タイガース
飯田　優也,3,0,0,0,0,0,0,0,0,0,0,0,0,0,0,0,0,0,0,.000,0.0,0.0,Left,0.0,阪神タイガース
石崎　剛,2,0,0,0,0,0,0,0,0,0,0,0,0,0,0,0,0,0,0,.000,0.0,0.0,Right,0.0,阪神タイガース
糸井　嘉男,103,444,382,45,120,22,1,5,159,42,9,5,0,3,52,7,7,63,10,.314,0.416,0.403,Left,0.819,阪神タイガース
糸原　健斗,143,572,491,66,131,20,4,2,165,45,6,5,11,3,60,2,7,70,7,.267,0.336,0.353,Left,0.689,阪神タイガース
岩崎　優,48,1,1,0,0,0,0,0,0,0,0,0,0,0,0,0,0,1,0,.000,0.0,0.0,Left,0.0,阪神タイガース
岩貞　祐太,8,12,11,0,0,0,0,0,0,0,0,0,0,0,1,0,0,5,0,.000,0.0,0.083,Left,0.083,阪神タイガース
岩田　稔,14,27,22,0,0,0,0,0,0,0,0,0,3,0,2,0,0,17,0,.000,0.0,0.083,Left,0.083,阪神タイガース
植田　海,81,37,33,22,8,0,0,1,11,2,12,2,2,0,1,0,1,8,0,.242,0.333,0.286,Switch,0.619,阪神タイガース
上本　博紀,62,119,104,10,20,4,0,1,27,6,5,0,3,1,11,0,0,37,1,.192,0.26,0.267,Right,0.527,阪神タイガース
梅野　隆太郎,129,492,433,49,115,22,3,9,170,59,14,3,16,3,34,4,6,83,16,.266,0.393,0.326,Right,0.719,阪神タイガース
江越　大賀,49,16,15,8,1,0,0,0,1,0,1,0,0,0,1,0,0,9,0,.067,0.067,0.125,Right,0.192,阪神タイガース
大山　悠輔,143,587,538,52,139,33,1,14,216,76,3,0,1,4,39,3,5,98,12,.258,0.401,0.312,Right,0.713,阪神タイガース
岡本　洋介,3,0,0,0,0,0,0,0,0,0,0,0,0,0,0,0,0,0,0,.000,0.0,0.0,Right,0.0,阪神タイガース
尾仲　祐哉,5,0,0,0,0,0,0,0,0,0,0,0,0,0,0,0,0,0,0,.000,0.0,0.0,Left,0.0,阪神タイガース
小野　泰己,14,0,0,0,0,0,0,0,0,0,0,0,0,0,0,0,0,0,0,.000,0.0,0.0,Right,0.0,阪神タイガース
ガルシア,21,33,30,1,4,0,0,0,4,1,0,0,3,0,0,0,0,9,1,.133,0.133,0.133,Left,0.266,阪神タイガース
木浪　聖也,113,390,363,32,95,18,2,4,129,32,2,0,6,0,18,5,3,77,8,.262,0.355,0.302,Left,0.657,阪神タイガース
桑原　謙太朗,7,0,0,0,0,0,0,0,0,0,0,0,0,0,0,0,0,0,0,.000,0.0,0.0,Right,0.0,阪神タイガース
才木　浩人,3,6,6,0,0,0,0,0,0,0,0,0,0,0,0,0,0,5,0,.000,0.0,0.0,Right,0.0,阪神タイガース
齋藤　友貴哉,1,0,0,0,0,0,0,0,0,0,0,0,0,0,0,0,0,0,0,.000,0.0,0.0,Left,0.0,阪神タイガース
坂本　誠志郎,20,44,40,2,7,0,0,2,13,3,0,0,3,0,1,1,0,8,2,.175,0.325,0.195,Right,0.52,阪神タイガース
ジョンソン,58,0,0,0,0,0,0,0,0,0,0,0,0,0,0,0,0,0,0,.000,0.0,0.0,Right,0.0,阪神タイガース
島田　海吏,7,5,4,2,1,1,0,0,2,0,0,0,0,0,1,0,0,1,0,.250,0.5,0.4,Left,0.9,阪神タイガース
島本　浩也,63,0,0,0,0,0,0,0,0,0,0,0,0,0,0,0,0,0,0,.000,0.0,0.0,Left,0.0,阪神タイガース
俊介,6,6,6,0,0,0,0,0,0,0,0,0,0,0,0,0,0,1,0,.000,0.0,0.0,Right,0.0,阪神タイガース
ソラーテ,20,80,69,6,13,3,0,4,28,9,0,0,0,2,9,0,0,13,4,.188,0.406,0.275,Switch,0.681,阪神タイガース
高野　圭佑,4,0,0,0,0,0,0,0,0,0,0,0,0,0,0,0,0,0,0,.000,0.0,0.0,Right,0.0,阪神タイガース
髙橋　聡文,1,0,0,0,0,0,0,0,0,0,0,0,0,0,0,0,0,0,0,.000,0.0,0.0,Left,0.0,阪神タイガース
髙橋　遥人,19,31,30,1,3,0,0,0,3,0,0,0,1,0,0,0,0,13,0,.100,0.1,0.1,Left,0.2,阪神タイガース
髙山　俊,105,300,271,25,73,12,0,5,100,29,9,3,2,0,24,4,3,56,3,.269,0.369,0.336,Left,0.705,阪神タイガース
谷川　昌希,4,0,0,0,0,0,0,0,0,0,0,0,0,0,0,0,0,0,0,.000,0.0,0.0,Right,0.0,阪神タイガース
近本　光司,142,640,586,81,159,20,7,9,220,42,36,15,14,3,31,2,6,110,2,.271,0.375,0.313,Left,0.688,阪神タイガース
ドリス,56,0,0,0,0,0,0,0,0,0,0,0,0,0,0,0,0,0,0,.000,0.0,0.0,Right,0.0,阪神タイガース
鳥谷　敬,74,105,92,9,19,3,1,0,24,4,1,0,1,0,12,0,0,16,2,.207,0.261,0.298,Left,0.559,阪神タイガース
ナバーロ,15,45,43,1,9,2,0,0,11,2,0,0,0,0,2,0,0,9,2,.209,0.256,0.244,Left,0.5,阪神タイガース
長坂　拳弥,3,1,1,2,1,0,0,1,4,1,0,0,0,0,0,0,0,0,0,1.000,4.0,1.0,Right,5.0,阪神タイガース
中谷　将大,62,131,116,14,21,5,0,6,44,19,0,0,2,0,12,0,1,37,0,.181,0.379,0.264,Right,0.643,阪神タイガース
西　勇輝,26,60,44,2,9,2,0,0,11,4,0,0,13,0,3,0,0,18,1,.205,0.25,0.255,Right,0.505,阪神タイガース
能見　篤史,51,0,0,0,0,0,0,0,0,0,0,0,0,0,0,0,0,0,0,.000,0.0,0.0,Left,0.0,阪神タイガース
馬場　皐輔,2,0,0,0,0,0,0,0,0,0,0,0,0,0,0,0,0,0,0,.000,0.0,0.0,Right,0.0,阪神タイガース
浜地　真澄,21,1,1,0,1,0,0,0,1,0,0,0,0,0,0,0,0,0,0,1.000,1.0,1.0,Right,2.0,阪神タイガース
原口　文仁,43,94,87,8,24,4,0,1,31,11,0,0,0,2,4,0,1,23,3,.276,0.356,0.309,Right,0.665,阪神タイガース
福留　孝介,104,403,348,39,89,16,1,10,137,47,0,0,2,3,49,1,1,85,5,.256,0.394,0.347,Left,0.741,阪神タイガース
福永　春吾,3,0,0,0,0,0,0,0,0,0,0,0,0,0,0,0,0,0,0,.000,0.0,0.0,Left,0.0,阪神タイガース
藤川　球児,56,0,0,0,0,0,0,0,0,0,0,0,0,0,0,0,0,0,0,.000,0.0,0.0,Left,0.0,阪神タイガース
藤浪　晋太郎,1,1,1,0,0,0,0,0,0,0,0,0,0,0,0,0,0,1,0,.000,0.0,0.0,Right,0.0,阪神タイガース
北條　史也,82,211,174,18,43,7,0,5,65,20,2,0,13,0,23,0,1,40,3,.247,0.374,0.338,Right,0.712,阪神タイガース
マルテ,105,412,349,36,99,20,0,12,155,49,0,2,0,5,51,2,7,73,14,.284,0.444,0.381,Right,0.825,阪神タイガース
メッセンジャー,14,19,18,0,0,0,0,0,0,0,0,0,1,0,0,0,0,10,1,.000,0.0,0.0,Right,0.0,阪神タイガース
望月　惇志,8,8,8,0,0,0,0,0,0,0,0,0,0,0,0,0,0,2,0,.000,0.0,0.0,Right,0.0,阪神タイガース
守屋　功輝,57,0,0,0,0,0,0,0,0,0,0,0,0,0,0,0,0,0,0,.000,0.0,0.0,Right,0.0,阪神タイガース
山崎　憲晴,2,1,1,0,0,0,0,0,0,0,0,0,0,0,0,0,0,1,0,.000,0.0,0.0,Right,0.0,阪神タイガース
陽川　尚将,28,60,55,3,6,1,0,3,16,4,0,0,1,0,4,1,0,19,2,.109,0.291,0.169,Right,0.46,阪神タイガース
アドゥワ　誠,19,28,25,2,2,0,0,0,2,1,0,0,3,0,0,0,0,19,0,.080,0.08,0.08,Right,0.16,広島東洋カープ
會澤　翼,126,447,376,38,104,21,2,12,165,63,2,1,3,0,58,5,10,81,6,.277,0.439,0.387,Right,0.826,広島東洋カープ
赤松　真人,1,0,0,0,0,0,0,0,0,0,0,0,0,0,0,0,0,0,0,.000,0.0,0.0,Right,0.0,広島東洋カープ
安部　友裕,114,295,264,23,67,12,0,8,103,28,5,2,6,1,23,0,1,60,9,.254,0.39,0.315,Left,0.705,広島東洋カープ
石原　慶幸,31,67,56,3,11,2,0,1,16,5,0,0,5,1,5,0,0,18,1,.196,0.286,0.258,Right,0.544,広島東洋カープ
磯村　嘉孝,65,117,108,10,30,9,0,4,51,21,0,1,3,1,5,0,0,24,3,.278,0.472,0.307,Right,0.779,広島東洋カープ
一岡　竜司,33,0,0,0,0,0,0,0,0,0,0,0,0,0,0,0,0,0,0,.000,0.0,0.0,Right,0.0,広島東洋カープ
今村　猛,27,0,0,0,0,0,0,0,0,0,0,0,0,0,0,0,0,0,0,.000,0.0,0.0,Right,0.0,広島東洋カープ
岩本　貴裕,1,1,1,0,0,0,0,0,0,0,0,0,0,0,0,0,0,1,0,.000,0.0,0.0,Left,0.0,広島東洋カープ
上本　崇司,31,22,21,5,3,0,0,0,3,0,0,1,1,0,0,0,0,5,1,.143,0.143,0.143,Switch,0.286,広島東洋カープ
遠藤　淳志,34,2,2,0,0,0,0,0,0,0,0,0,0,0,0,0,0,2,0,.000,0.0,0.0,Right,0.0,広島東洋カープ
大瀬良　大地,26,60,47,3,6,1,0,0,7,0,0,0,7,0,6,0,0,31,0,.128,0.149,0.226,Right,0.375,広島東洋カープ
岡田　明丈,3,2,1,0,0,0,0,0,0,0,0,0,0,0,1,0,0,0,0,.000,0.0,0.5,Left,0.5,広島東洋カープ
菊池　保則,58,0,0,0,0,0,0,0,0,0,0,0,0,0,0,0,0,0,0,.000,0.0,0.0,Left,0.0,広島東洋カープ
菊池　涼介,138,619,547,77,143,36,2,13,222,48,14,5,28,2,41,0,1,102,5,.261,0.406,0.313,Right,0.719,広島東洋カープ
九里　亜蓮,27,41,36,1,1,0,0,0,1,0,0,0,4,0,1,0,0,23,0,.028,0.028,0.054,Right,0.082,広島東洋カープ
ケムナ　誠,1,0,0,0,0,0,0,0,0,0,0,0,0,0,0,0,0,0,0,.000,0.0,0.0,Right,0.0,広島東洋カープ
小窪　哲也,51,125,114,5,28,3,0,1,34,5,0,0,1,0,10,2,0,19,3,.246,0.298,0.306,Right,0.604,広島東洋カープ
小園　海斗,58,197,188,17,40,9,0,4,61,16,1,0,2,0,6,1,1,42,1,.213,0.324,0.241,Left,0.565,広島東洋カープ
サンタナ,13,34,33,1,6,0,0,0,6,5,0,0,0,0,1,0,0,5,2,.182,0.182,0.206,Right,0.388,広島東洋カープ
坂倉　将吾,51,64,61,4,14,4,0,1,21,7,0,0,0,0,3,0,0,19,0,.230,0.344,0.266,Left,0.61,広島東洋カープ
ジョンソン,27,48,44,1,5,0,0,0,5,3,0,0,2,0,2,0,0,15,5,.114,0.114,0.152,Left,0.266,広島東洋カープ
島内　颯太郎,25,1,0,0,0,0,0,0,0,0,0,0,1,0,0,0,0,0,0,.000,0.0,0.0,Right,0.0,広島東洋カープ
下水流　昂,2,4,4,0,0,0,0,0,0,0,0,0,0,0,0,0,0,2,1,.000,0.0,0.0,Right,0.0,広島東洋カープ
鈴木　誠也,140,612,499,112,167,31,0,28,282,87,25,16,0,3,103,12,7,81,3,.335,0.565,0.453,Right,1.018,広島東洋カープ
曽根　海成,64,31,25,17,5,0,0,0,5,2,5,2,2,0,3,1,1,10,0,.200,0.2,0.31,Left,0.51,広島東洋カープ
髙橋　大樹,27,48,43,5,12,1,1,1,18,3,0,1,1,0,4,0,0,11,0,.279,0.419,0.34,Right,0.759,広島東洋カープ
田中　広輔,97,355,311,33,60,13,0,3,82,27,8,3,4,6,32,2,2,89,4,.193,0.264,0.268,Left,0.532,広島東洋カープ
長野　久義,72,197,180,13,45,7,1,5,69,20,0,2,0,1,15,2,1,40,11,.250,0.383,0.31,Right,0.693,広島東洋カープ
堂林　翔太,28,38,34,1,7,0,1,0,9,2,0,0,2,0,2,0,0,9,0,.206,0.265,0.25,Right,0.515,広島東洋カープ
床田　寛樹,25,49,39,1,5,1,0,0,6,1,0,0,6,0,4,0,0,16,1,.128,0.154,0.209,Left,0.363,広島東洋カープ
永川　勝浩,1,0,0,0,0,0,0,0,0,0,0,0,0,0,0,0,0,0,0,.000,0.0,0.0,Right,0.0,広島東洋カープ
中﨑　翔太,36,0,0,0,0,0,0,0,0,0,0,0,0,0,0,0,0,0,0,.000,0.0,0.0,Right,0.0,広島東洋カープ
中田　廉,8,0,0,0,0,0,0,0,0,0,0,0,0,0,0,0,0,0,0,.000,0.0,0.0,Right,0.0,広島東洋カープ
中村　恭平,43,1,1,0,0,0,0,0,0,0,0,0,0,0,0,0,0,0,0,.000,0.0,0.0,Left,0.0,広島東洋カープ
中村　祐太,2,1,1,0,0,0,0,0,0,0,0,0,0,0,0,0,0,0,0,.000,0.0,0.0,Right,0.0,広島東洋カープ
西川　龍馬,138,585,535,70,159,23,3,16,236,64,6,7,11,5,32,4,2,81,9,.297,0.441,0.336,Left,0.777,広島東洋カープ
野間　峻祥,123,353,314,52,78,10,5,2,104,16,14,2,6,1,27,3,5,56,5,.248,0.331,0.317,Left,0.648,広島東洋カープ
野村　祐輔,18,32,24,0,1,1,0,0,2,1,0,0,7,0,1,0,0,10,0,.042,0.083,0.08,Right,0.163,広島東洋カープ
バティスタ,103,423,372,54,100,11,1,26,191,64,0,0,0,3,45,2,3,108,6,.269,0.513,0.35,Right,0.863,広島東洋カープ
フランスア,67,0,0,0,0,0,0,0,0,0,0,0,0,0,0,0,0,0,0,.000,0.0,0.0,Left,0.0,広島東洋カープ
藤井　皓哉,4,0,0,0,0,0,0,0,0,0,0,0,0,0,0,0,0,0,0,.000,0.0,0.0,Left,0.0,広島東洋カープ
ヘルウェグ,5,0,0,0,0,0,0,0,0,0,0,0,0,0,0,0,0,0,0,.000,0.0,0.0,Right,0.0,広島東洋カープ
塹江　敦哉,11,2,2,0,1,0,0,0,1,0,0,0,0,0,0,0,0,0,0,.500,0.5,0.5,Left,1.0,広島東洋カープ
松山　竜平,110,327,294,21,76,14,1,6,110,49,0,0,0,2,29,1,2,42,7,.259,0.374,0.327,Left,0.701,広島東洋カープ
三好　匠,43,92,77,9,14,1,0,2,21,7,1,0,6,0,9,2,0,28,1,.182,0.273,0.267,Right,0.54,広島東洋カープ
メヒア,56,173,162,13,42,6,0,7,69,17,0,0,0,0,11,3,0,46,2,.259,0.426,0.306,Right,0.732,広島東洋カープ
モンティージャ,2,1,1,0,0,0,0,0,0,0,0,0,0,0,0,0,0,1,0,.000,0.0,0.0,Left,0.0,広島東洋カープ
矢崎　拓也,5,1,1,0,0,0,0,0,0,0,0,0,0,0,0,0,0,1,0,.000,0.0,0.0,Right,0.0,広島東洋カープ
薮田　和樹,4,2,2,0,0,0,0,0,0,0,0,0,0,0,0,0,0,2,0,.000,0.0,0.0,Right,0.0,広島東洋カープ
山口　翔,9,5,5,0,0,0,0,0,0,0,0,0,0,0,0,0,0,5,0,.000,0.0,0.0,Right,0.0,広島東洋カープ
レグナルト,52,1,1,0,0,0,0,0,0,0,0,0,0,0,0,0,0,1,0,.000,0.0,0.0,Left,0.0,広島東洋カープ
ローレンス,1,1,1,0,0,0,0,0,0,0,0,0,0,0,0,0,0,1,0,.000,0.0,0.0,Right,0.0,広島東洋カープ
赤間　謙,7,0,0,0,0,0,0,0,0,0,0,0,0,0,0,0,0,0,0,.000,0.0,0.0,Right,0.0,横浜DeNAベイスターズ
東　克樹,7,13,10,0,1,0,0,0,1,0,0,0,2,0,1,0,0,8,0,.100,0.1,0.182,Left,0.282,横浜DeNAベイスターズ
飯塚　悟史,5,2,2,0,0,0,0,0,0,0,0,0,0,0,0,0,0,1,0,.000,0.0,0.0,Left,0.0,横浜DeNAベイスターズ
石川　雄洋,50,113,101,14,21,3,1,2,32,5,1,3,6,0,5,0,1,34,1,.208,0.317,0.252,Left,0.569,横浜DeNAベイスターズ
石田　健大,40,15,12,1,2,1,0,0,3,4,0,0,3,0,0,0,0,4,1,.167,0.25,0.167,Left,0.417,横浜DeNAベイスターズ
伊藤　光,84,301,256,30,65,8,0,8,97,27,5,5,3,2,37,6,3,45,4,.254,0.379,0.352,Right,0.731,横浜DeNAベイスターズ
伊藤　裕季也,21,57,52,7,15,4,0,4,31,7,0,0,0,1,3,0,1,17,1,.288,0.596,0.333,Right,0.929,横浜DeNAベイスターズ
井納　翔一,15,21,17,1,4,0,0,0,4,1,0,0,3,0,1,0,0,5,0,.235,0.235,0.278,Right,0.513,横浜DeNAベイスターズ
今永　昇太,25,56,43,2,7,0,0,0,7,1,0,0,11,0,2,0,0,9,2,.163,0.163,0.2,Left,0.363,横浜DeNAベイスターズ
エスコバー,74,1,1,0,0,0,0,0,0,0,0,0,0,0,0,0,0,1,0,.000,0.0,0.0,Left,0.0,横浜DeNAベイスターズ
大貫　晋一,15,19,16,1,3,0,0,0,3,0,0,0,3,0,0,0,0,6,0,.188,0.188,0.188,Right,0.376,横浜DeNAベイスターズ
乙坂　智,97,179,159,19,39,8,2,2,57,17,6,3,3,1,14,2,2,33,3,.245,0.358,0.313,Left,0.671,横浜DeNAベイスターズ
笠井　崇正,16,1,1,0,0,0,0,0,0,0,0,0,0,0,0,0,0,1,0,.000,0.0,0.0,Right,0.0,横浜DeNAベイスターズ
梶谷　隆幸,41,110,93,13,20,5,0,5,40,15,3,0,1,0,16,1,0,20,1,.215,0.43,0.33,Left,0.76,横浜DeNAベイスターズ
神里　和毅,123,458,427,62,119,31,3,6,174,35,15,10,3,0,26,2,2,121,7,.279,0.407,0.323,Left,0.73,横浜DeNAベイスターズ
上茶谷　大河,25,48,44,4,8,0,0,0,8,4,0,0,4,0,0,0,0,15,0,.182,0.182,0.182,Right,0.364,横浜DeNAベイスターズ
京山　将弥,9,12,9,0,0,0,0,0,0,0,0,0,3,0,0,0,0,5,0,.000,0.0,0.0,Right,0.0,横浜DeNAベイスターズ
楠本　泰史,39,81,72,6,15,4,0,1,22,6,0,2,0,0,7,0,2,19,1,.208,0.306,0.296,Left,0.602,横浜DeNAベイスターズ
国吉　佑樹,53,7,7,0,0,0,0,0,0,0,0,0,0,0,0,0,0,2,0,.000,0.0,0.0,Right,0.0,横浜DeNAベイスターズ
倉本　寿彦,24,35,33,1,4,1,0,0,5,2,0,1,0,0,2,0,0,7,0,.121,0.152,0.171,Left,0.323,横浜DeNAベイスターズ
桑原　将志,72,115,102,14,19,3,1,2,30,7,2,0,3,0,9,0,1,26,0,.186,0.294,0.259,Right,0.553,横浜DeNAベイスターズ
齋藤　俊介,16,2,2,0,1,0,0,0,1,0,0,0,0,0,0,0,0,1,0,.500,0.5,0.5,Right,1.0,横浜DeNAベイスターズ
阪口　皓亮,3,2,2,0,0,0,0,0,0,0,0,0,0,0,0,0,0,2,0,.000,0.0,0.0,Left,0.0,横浜DeNAベイスターズ
櫻井　周斗,14,3,3,0,1,0,0,0,1,0,0,0,0,0,0,0,0,2,0,.333,0.333,0.333,Left,0.666,横浜DeNAベイスターズ
佐野　恵太,89,215,200,23,59,10,0,5,84,33,0,0,0,0,13,1,2,39,9,.295,0.42,0.344,Left,0.764,横浜DeNAベイスターズ
柴田　竜拓,111,196,164,22,42,8,1,3,61,17,3,0,10,2,20,1,0,38,3,.256,0.372,0.333,Left,0.705,横浜DeNAベイスターズ
進藤　拓也,5,0,0,0,0,0,0,0,0,0,0,0,0,0,0,0,0,0,0,.000,0.0,0.0,Right,0.0,横浜DeNAベイスターズ
砂田　毅樹,16,0,0,0,0,0,0,0,0,0,0,0,0,0,0,0,0,0,0,.000,0.0,0.0,Left,0.0,横浜DeNAベイスターズ
関根　大気,32,27,26,2,1,1,0,0,2,0,0,0,0,0,1,0,0,6,1,.038,0.077,0.074,Left,0.151,横浜DeNAベイスターズ
ソト,141,584,516,82,139,18,0,43,286,108,0,0,0,4,59,4,5,98,14,.269,0.554,0.348,Right,0.902,横浜DeNAベイスターズ
ソリス,4,0,0,0,0,0,0,0,0,0,0,0,0,0,0,0,0,0,0,.000,0.0,0.0,Right,0.0,横浜DeNAベイスターズ
平良　拳太郎,15,20,19,1,2,0,0,0,2,0,0,0,1,0,0,0,0,11,0,.105,0.105,0.105,Right,0.21,横浜DeNAベイスターズ
筒香　嘉智,131,557,464,74,126,24,0,29,237,79,0,0,0,3,88,5,2,141,5,.272,0.511,0.388,Left,0.899,横浜DeNAベイスターズ
戸柱　恭孝,45,111,100,6,20,4,2,1,31,6,0,0,2,1,7,0,1,22,2,.200,0.31,0.257,Left,0.567,横浜DeNAベイスターズ
中井　大介,79,183,161,24,40,4,0,3,53,7,2,1,3,1,18,0,0,34,9,.248,0.329,0.322,Right,0.651,横浜DeNAベイスターズ
中後　悠平,4,0,0,0,0,0,0,0,0,0,0,0,0,0,0,0,0,0,0,.000,0.0,0.0,Left,0.0,横浜DeNAベイスターズ
中川　虎大,3,1,1,0,0,0,0,0,0,0,0,0,0,0,0,0,0,1,0,.000,0.0,0.0,Right,0.0,横浜DeNAベイスターズ
中川　大志,3,3,3,0,0,0,0,0,0,0,0,0,0,0,0,0,0,0,0,.000,0.0,0.0,Right,0.0,横浜DeNAベイスターズ
パットン,42,1,1,0,0,0,0,0,0,0,0,0,0,0,0,0,0,1,0,.000,0.0,0.0,Right,0.0,横浜DeNAベイスターズ
バリオス,3,5,5,0,0,0,0,0,0,0,0,0,0,0,0,0,0,3,0,.000,0.0,0.0,Right,0.0,横浜DeNAベイスターズ
濵口　遥大,17,27,26,0,0,0,0,0,0,0,0,0,1,0,0,0,0,16,1,.000,0.0,0.0,Left,0.0,横浜DeNAベイスターズ
濱矢　廣大,2,0,0,0,0,0,0,0,0,0,0,0,0,0,0,0,0,0,0,.000,0.0,0.0,Left,0.0,横浜DeNAベイスターズ
飛雄馬,5,5,5,0,0,0,0,0,0,0,0,0,0,0,0,0,0,1,0,.000,0.0,0.0,Right,0.0,横浜DeNAベイスターズ
平田　真吾,8,1,1,0,0,0,0,0,0,0,0,0,0,0,0,0,0,1,0,.000,0.0,0.0,Right,0.0,横浜DeNAベイスターズ
藤岡　好明,32,0,0,0,0,0,0,0,0,0,0,0,0,0,0,0,0,0,0,.000,0.0,0.0,Left,0.0,横浜DeNAベイスターズ
細川　成也,36,83,72,9,16,2,0,1,21,10,0,0,0,1,8,0,2,24,1,.222,0.292,0.313,Right,0.605,横浜DeNAベイスターズ
三上　朋也,6,0,0,0,0,0,0,0,0,0,0,0,0,0,0,0,0,0,0,.000,0.0,0.0,Right,0.0,横浜DeNAベイスターズ
三嶋　一輝,71,0,0,0,0,0,0,0,0,0,0,0,0,0,0,0,0,0,0,.000,0.0,0.0,Switch,0.0,横浜DeNAベイスターズ
嶺井　博希,64,130,114,13,24,4,1,2,36,12,0,0,5,0,7,0,4,23,5,.211,0.316,0.28,Right,0.596,横浜DeNAベイスターズ
宮﨑　敏郎,114,473,433,54,123,22,1,15,192,49,0,0,0,5,32,2,3,35,13,.284,0.443,0.334,Right,0.777,横浜DeNAベイスターズ
宮本　秀明,1,0,0,0,0,0,0,0,0,0,0,0,0,0,0,0,0,0,0,.000,0.0,0.0,Left,0.0,横浜DeNAベイスターズ
武藤　祐太,31,2,1,0,0,0,0,0,0,0,0,0,1,0,0,0,0,1,0,.000,0.0,0.0,Right,0.0,横浜DeNAベイスターズ
百瀬　大騎,1,1,1,0,0,0,0,0,0,0,0,0,0,0,0,0,0,1,0,.000,0.0,0.0,Left,0.0,横浜DeNAベイスターズ
山﨑　康晃,61,0,0,0,0,0,0,0,0,0,0,0,0,0,0,0,0,0,0,.000,0.0,0.0,Right,0.0,横浜DeNAベイスターズ
大和,137,490,438,42,104,17,2,0,125,37,3,1,10,2,34,1,6,75,7,.237,0.285,0.3,Right,0.585,横浜DeNAベイスターズ
山本　祐大,13,12,12,0,4,0,0,0,4,2,0,0,0,0,0,0,0,3,0,.333,0.333,0.333,Right,0.666,横浜DeNAベイスターズ
ロペス,142,597,551,69,133,28,0,31,254,84,0,0,0,3,39,6,4,107,18,.241,0.461,0.295,Right,0.756,横浜DeNAベイスターズ
青木　宣親,134,565,489,84,145,19,2,16,216,58,1,2,1,3,61,2,11,72,13,.297,0.442,0.385,Left,0.827,東京ヤクルトスワローズ
荒木　貴裕,93,140,124,12,31,6,0,2,43,22,1,0,0,1,13,1,2,29,1,.250,0.347,0.329,Right,0.676,東京ヤクルトスワローズ
五十嵐　亮太,45,0,0,0,0,0,0,0,0,0,0,0,0,0,0,0,0,0,0,.000,0.0,0.0,Right,0.0,東京ヤクルトスワローズ
石川　雅規,23,41,34,3,8,0,0,0,8,4,0,0,6,0,1,0,0,8,0,.235,0.235,0.257,Left,0.492,東京ヤクルトスワローズ
石山　泰稚,34,0,0,0,0,0,0,0,0,0,0,0,0,0,0,0,0,0,0,.000,0.0,0.0,Right,0.0,東京ヤクルトスワローズ
井野　卓,7,11,10,1,2,1,0,0,3,0,0,0,1,0,0,0,0,4,1,.200,0.3,0.2,Right,0.5,東京ヤクルトスワローズ
上田　剛史,56,57,51,9,12,0,0,0,12,4,1,1,3,1,1,0,1,7,1,.235,0.235,0.259,Left,0.494,東京ヤクルトスワローズ
梅野　雄吾,68,1,0,0,0,0,0,0,0,0,0,0,1,0,0,0,0,0,0,.000,0.0,0.0,Right,0.0,東京ヤクルトスワローズ
大下　佑馬,31,0,0,0,0,0,0,0,0,0,0,0,0,0,0,0,0,0,0,.000,0.0,0.0,Left,0.0,東京ヤクルトスワローズ
太田　賢吾,90,337,303,36,76,13,1,3,100,27,0,0,8,1,23,0,2,78,5,.251,0.33,0.307,Left,0.637,東京ヤクルトスワローズ
大引　啓次,70,137,119,7,24,7,0,1,34,13,1,0,4,1,13,2,0,28,4,.202,0.286,0.278,Right,0.564,東京ヤクルトスワローズ
大村　孟,5,5,5,1,1,0,0,1,4,1,0,0,0,0,0,0,0,0,0,.200,0.8,0.2,Left,1.0,東京ヤクルトスワローズ
小川　泰弘,26,52,45,3,4,3,0,0,7,5,0,0,2,0,5,0,0,20,0,.089,0.156,0.18,Right,0.336,東京ヤクルトスワローズ
奥村　展征,74,195,166,15,33,8,1,1,46,12,0,2,10,0,16,1,3,47,2,.199,0.277,0.281,Left,0.558,東京ヤクルトスワローズ
風張　蓮,15,1,0,0,0,0,0,0,0,0,0,0,1,0,0,0,0,0,0,.000,0.0,0.0,Right,0.0,東京ヤクルトスワローズ
川端　慎吾,37,67,61,5,10,1,0,0,11,7,0,0,0,1,5,0,0,8,2,.164,0.18,0.224,Left,0.404,東京ヤクルトスワローズ
久保　拓眞,16,0,0,0,0,0,0,0,0,0,0,0,0,0,0,0,0,0,0,.000,0.0,0.0,Left,0.0,東京ヤクルトスワローズ
蔵本　治孝,8,0,0,0,0,0,0,0,0,0,0,0,0,0,0,0,0,0,0,.000,0.0,0.0,Right,0.0,東京ヤクルトスワローズ
古賀　優大,11,17,15,1,3,0,0,0,3,0,0,0,1,0,1,0,0,2,0,.200,0.2,0.25,Right,0.45,東京ヤクルトスワローズ
近藤　一樹,59,0,0,0,0,0,0,0,0,0,0,0,0,0,0,0,0,0,0,.000,0.0,0.0,Right,0.0,東京ヤクルトスワローズ
坂口　智隆,22,77,64,2,8,1,0,0,9,2,0,0,1,0,10,0,2,13,2,.125,0.141,0.263,Left,0.404,東京ヤクルトスワローズ
坂本　光士郎,19,0,0,0,0,0,0,0,0,0,0,0,0,0,0,0,0,0,0,.000,0.0,0.0,Left,0.0,東京ヤクルトスワローズ
塩見　泰隆,45,98,88,20,16,2,2,1,25,7,4,1,0,0,8,0,2,24,1,.182,0.284,0.265,Right,0.549,東京ヤクルトスワローズ
清水　昇,11,3,3,0,0,0,0,0,0,0,0,0,0,0,0,0,0,3,0,.000,0.0,0.0,Left,0.0,東京ヤクルトスワローズ
スアレス,4,8,8,0,1,0,0,0,1,0,0,0,0,0,0,0,0,6,0,.125,0.125,0.125,Right,0.25,東京ヤクルトスワローズ
高梨　裕稔,21,19,18,0,1,0,0,0,1,0,0,0,1,0,0,0,0,8,1,.056,0.056,0.056,Right,0.112,東京ヤクルトスワローズ
高橋　奎二,20,32,30,2,6,1,0,0,7,4,0,0,2,0,0,0,0,10,0,.200,0.233,0.2,Left,0.433,東京ヤクルトスワローズ
田川　賢吾,4,6,5,0,0,0,0,0,0,0,0,0,1,0,0,0,0,3,0,.000,0.0,0.0,Left,0.0,東京ヤクルトスワローズ
田代　将太郎,51,21,19,7,5,1,2,0,10,7,1,1,0,1,0,0,1,6,0,.263,0.526,0.286,Left,0.812,東京ヤクルトスワローズ
館山　昌平,2,0,0,0,0,0,0,0,0,0,0,0,0,0,0,0,0,0,0,.000,0.0,0.0,Right,0.0,東京ヤクルトスワローズ
寺島　成輝,3,1,0,1,0,0,0,0,0,0,0,0,0,0,1,0,0,0,0,.000,0.0,1.0,Left,1.0,東京ヤクルトスワローズ
寺原　隼人,4,6,5,1,0,0,0,0,0,0,0,0,0,0,1,0,0,2,0,.000,0.0,0.167,Right,0.167,東京ヤクルトスワローズ
中尾　輝,12,0,0,0,0,0,0,0,0,0,0,0,0,0,0,0,0,0,0,.000,0.0,0.0,Left,0.0,東京ヤクルトスワローズ
中澤　雅人,1,0,0,0,0,0,0,0,0,0,0,0,0,0,0,0,0,0,0,.000,0.0,0.0,Left,0.0,東京ヤクルトスワローズ
中村　悠平,126,450,372,42,100,24,2,5,143,36,1,4,13,2,53,3,10,64,11,.269,0.384,0.373,Right,0.757,東京ヤクルトスワローズ
中山　翔太,35,100,97,11,28,4,0,5,47,14,0,0,0,0,3,0,0,25,2,.289,0.485,0.31,Right,0.795,東京ヤクルトスワローズ
西浦　直亨,44,162,149,17,35,9,0,4,56,19,0,0,2,0,10,0,1,35,6,.235,0.376,0.288,Right,0.664,東京ヤクルトスワローズ
西田　明央,47,62,54,2,11,5,0,0,16,4,0,0,0,0,8,1,0,16,1,.204,0.296,0.306,Right,0.602,東京ヤクルトスワローズ
ハフ,68,1,0,0,0,0,0,0,0,0,0,0,1,0,0,0,0,0,0,.000,0.0,0.0,Switch,0.0,東京ヤクルトスワローズ
バレンティン,120,468,410,65,115,13,0,33,227,93,0,1,0,3,54,3,1,117,11,.280,0.554,0.363,Right,0.917,東京ヤクルトスワローズ
畠山　和洋,1,1,1,0,1,0,0,0,1,0,0,0,0,0,0,0,0,0,0,1.000,1.0,1.0,Right,2.0,東京ヤクルトスワローズ
濱田　太貴,2,5,5,0,0,0,0,0,0,0,0,0,0,0,0,0,0,3,0,.000,0.0,0.0,Right,0.0,東京ヤクルトスワローズ
原　樹理,12,26,22,2,6,1,0,0,7,1,0,0,2,0,2,0,0,8,0,.273,0.318,0.333,Right,0.651,東京ヤクルトスワローズ
平井　諒,20,0,0,0,0,0,0,0,0,0,0,0,0,0,0,0,0,0,0,.000,0.0,0.0,Right,0.0,東京ヤクルトスワローズ
廣岡　大志,91,243,202,32,41,6,1,10,79,25,1,1,5,1,33,0,2,77,4,.203,0.391,0.319,Right,0.71,東京ヤクルトスワローズ
ブキャナン,18,32,27,2,2,0,0,0,2,0,0,0,3,0,2,0,0,15,0,.074,0.074,0.138,Right,0.212,東京ヤクルトスワローズ
藤井　亮太,6,17,13,1,1,0,0,0,1,0,1,0,1,0,3,0,0,3,0,.077,0.077,0.25,Left,0.327,東京ヤクルトスワローズ
星　知弥,10,2,2,0,0,0,0,0,0,0,0,0,0,0,0,0,0,0,0,.000,0.0,0.0,Right,0.0,東京ヤクルトスワローズ
マクガフ,65,1,1,0,0,0,0,0,0,0,0,0,0,0,0,0,0,1,0,.000,0.0,0.0,Right,0.0,東京ヤクルトスワローズ
松本　直樹,33,73,66,5,14,1,0,1,18,4,0,0,3,0,3,0,1,9,2,.212,0.273,0.257,Right,0.53,東京ヤクルトスワローズ
宮本　丈,26,47,42,5,6,0,0,0,6,0,2,1,1,0,4,0,0,19,2,.143,0.143,0.217,Left,0.36,東京ヤクルトスワローズ
村上　宗隆,143,593,511,76,118,20,0,36,246,96,5,4,0,3,74,5,5,184,9,.231,0.481,0.332,Left,0.813,東京ヤクルトスワローズ
屋宜　照悟,1,0,0,0,0,0,0,0,0,0,0,0,0,0,0,0,0,0,0,.000,0.0,0.0,Left,0.0,東京ヤクルトスワローズ
山崎　晃大朗,80,185,168,20,46,4,3,0,56,8,4,0,6,0,10,0,1,39,4,.274,0.333,0.318,Left,0.651,東京ヤクルトスワローズ
山田　哲人,142,641,520,102,141,35,5,35,291,98,33,3,0,5,110,7,6,121,14,.271,0.56,0.401,Right,0.961,東京ヤクルトスワローズ
山田　大樹,14,24,22,1,0,0,0,0,0,0,0,0,1,0,1,0,0,17,1,.000,0.0,0.043,Left,0.043,東京ヤクルトスワローズ
山中　浩史,4,1,1,0,1,0,0,0,1,0,0,0,0,0,0,0,0,0,0,1.000,1.0,1.0,Right,2.0,東京ヤクルトスワローズ
雄平,131,493,447,55,122,19,0,12,177,56,4,3,1,6,37,4,2,71,4,.273,0.396,0.327,Left,0.723,東京ヤクルトスワローズ
吉田　大成,13,39,32,3,6,1,0,0,7,2,1,1,1,0,4,0,2,8,1,.188,0.219,0.316,Left,0.535,東京ヤクルトスワローズ
渡邉　大樹,16,9,7,5,1,0,0,1,4,1,1,0,1,0,0,0,1,2,0,.143,0.571,0.25,Right,0.821,東京ヤクルトスワローズ
アルモンテ,49,174,164,19,54,8,0,7,83,25,0,1,0,1,8,1,1,37,6,.329,0.506,0.362,Switch,0.868,中日ドラゴンズ
阿知羅　拓馬,7,6,6,0,1,0,0,0,1,1,0,0,0,0,0,0,0,4,0,.167,0.167,0.167,Right,0.334,中日ドラゴンズ
阿部　寿樹,129,484,447,51,130,24,3,7,181,59,1,0,3,2,31,3,1,82,9,.291,0.405,0.337,Right,0.742,中日ドラゴンズ
石垣　雅海,15,15,15,1,2,2,0,0,4,1,0,0,0,0,0,0,0,7,0,.133,0.267,0.133,Right,0.4,中日ドラゴンズ
石川　駿,8,8,8,0,1,0,1,0,3,3,0,0,0,0,0,0,0,3,0,.125,0.375,0.125,Right,0.5,中日ドラゴンズ
石橋　康太,12,18,17,0,1,0,1,0,3,2,0,0,0,0,0,0,1,8,0,.059,0.176,0.111,Right,0.287,中日ドラゴンズ
伊藤　康祐,14,33,32,6,6,1,0,0,7,1,0,0,1,0,0,0,0,8,0,.188,0.219,0.188,Right,0.407,中日ドラゴンズ
伊藤　準規,1,0,0,0,0,0,0,0,0,0,0,0,0,0,0,0,0,0,0,.000,0.0,0.0,Left,0.0,中日ドラゴンズ
井領　雅貴,55,103,100,9,29,9,1,0,40,9,0,0,0,0,3,0,0,21,0,.290,0.4,0.311,Left,0.711,中日ドラゴンズ
梅津　晃大,6,10,10,0,1,0,0,0,1,0,0,0,0,0,0,0,0,5,0,.100,0.1,0.1,Right,0.2,中日ドラゴンズ
遠藤　一星,108,120,111,22,30,4,2,2,44,11,4,4,2,0,5,0,2,28,1,.270,0.396,0.314,Left,0.71,中日ドラゴンズ
大島　洋平,143,623,558,89,174,23,3,3,212,45,30,7,3,3,50,3,9,78,5,.312,0.38,0.376,Left,0.756,中日ドラゴンズ
大野　奨太,34,62,53,6,9,1,0,0,10,3,0,0,3,1,5,0,0,9,2,.170,0.189,0.237,Right,0.426,中日ドラゴンズ
大野　雄大,25,56,48,1,4,0,0,0,4,1,0,0,6,0,2,0,0,24,0,.083,0.083,0.12,Left,0.203,中日ドラゴンズ
小笠原　慎之介,7,14,13,1,3,2,0,0,5,2,0,0,1,0,0,0,0,4,0,.231,0.385,0.231,Left,0.616,中日ドラゴンズ
岡田　俊哉,53,0,0,0,0,0,0,0,0,0,0,0,0,0,0,0,0,0,0,.000,0.0,0.0,Left,0.0,中日ドラゴンズ
小熊　凌祐,14,0,0,0,0,0,0,0,0,0,0,0,0,0,0,0,0,0,0,.000,0.0,0.0,Right,0.0,中日ドラゴンズ
笠原　祥太郎,8,12,12,0,1,0,0,0,1,0,0,0,0,0,0,0,0,6,0,.083,0.083,0.083,Left,0.166,中日ドラゴンズ
勝野　昌慶,3,7,6,0,0,0,0,0,0,0,0,0,0,0,1,0,0,6,0,.000,0.0,0.143,Right,0.143,中日ドラゴンズ
桂　依央利,4,9,8,1,2,0,0,0,2,0,0,0,1,0,0,0,0,2,0,.250,0.25,0.25,Right,0.5,中日ドラゴンズ
加藤　匠馬,92,245,224,19,51,7,3,0,64,13,0,0,12,0,9,1,0,57,6,.228,0.286,0.258,Right,0.544,中日ドラゴンズ
亀澤　恭平,47,49,47,7,6,0,1,0,8,2,0,3,1,0,1,0,0,5,2,.128,0.17,0.146,Left,0.316,中日ドラゴンズ
木下　拓哉,39,98,88,5,20,6,0,2,32,8,0,0,1,1,5,1,3,22,2,.227,0.364,0.289,Right,0.653,中日ドラゴンズ
木下　雄介,5,0,0,0,0,0,0,0,0,0,0,0,0,0,0,0,0,0,0,.000,0.0,0.0,Right,0.0,中日ドラゴンズ
京田　陽太,140,574,507,46,126,14,5,3,159,40,17,7,24,3,37,3,3,91,10,.249,0.314,0.302,Left,0.616,中日ドラゴンズ
佐藤　優,7,0,0,0,0,0,0,0,0,0,0,0,0,0,0,0,0,0,0,.000,0.0,0.0,Left,0.0,中日ドラゴンズ
清水　達也,8,9,7,0,2,0,0,0,2,0,0,0,2,0,0,0,0,3,1,.286,0.286,0.286,Right,0.572,中日ドラゴンズ
鈴木　博志,25,1,1,0,0,0,0,0,0,0,0,0,0,0,0,0,0,1,0,.000,0.0,0.0,Right,0.0,中日ドラゴンズ
祖父江　大輔,44,1,1,0,0,0,0,0,0,0,0,0,0,0,0,0,0,1,0,.000,0.0,0.0,Left,0.0,中日ドラゴンズ
高橋　周平,117,471,430,50,126,28,5,7,185,59,3,4,5,1,32,7,3,70,10,.293,0.43,0.345,Left,0.775,中日ドラゴンズ
髙松　渡,2,0,0,1,0,0,0,0,0,0,0,0,0,0,0,0,0,0,0,.000,0.0,0.0,Left,0.0,中日ドラゴンズ
武田　健吾,29,36,35,2,5,0,0,0,5,1,0,0,1,0,0,0,0,12,2,.143,0.143,0.143,Right,0.286,中日ドラゴンズ
武山　真吾,30,51,45,6,9,2,0,1,14,4,0,0,1,0,3,0,2,13,1,.200,0.311,0.28,Right,0.591,中日ドラゴンズ
田島　慎二,21,0,0,0,0,0,0,0,0,0,0,0,0,0,0,0,0,0,0,.000,0.0,0.0,Right,0.0,中日ドラゴンズ
谷元　圭介,38,0,0,0,0,0,0,0,0,0,0,0,0,0,0,0,0,0,0,.000,0.0,0.0,Right,0.0,中日ドラゴンズ
堂上　直倫,98,217,193,25,41,9,0,12,86,39,1,0,11,0,13,0,0,56,4,.212,0.446,0.262,Right,0.708,中日ドラゴンズ
友永　翔太,10,10,9,0,0,0,0,0,0,0,0,0,0,0,1,0,0,4,0,.000,0.0,0.1,Left,0.1,中日ドラゴンズ
根尾　昂,2,2,2,0,0,0,0,0,0,0,0,0,0,0,0,0,0,2,0,.000,0.0,0.0,Left,0.0,中日ドラゴンズ
ビシエド,143,594,534,56,168,43,0,18,265,93,2,1,0,6,41,9,13,88,22,.315,0.496,0.374,Right,0.87,中日ドラゴンズ
平田　良介,95,407,360,52,100,21,4,8,153,32,3,6,1,4,38,2,4,53,8,.278,0.425,0.35,Right,0.775,中日ドラゴンズ
福　敬登,52,1,1,0,0,0,0,0,0,0,0,0,0,0,0,0,0,1,0,.000,0.0,0.0,Left,0.0,中日ドラゴンズ
福田　永将,105,352,310,55,89,18,0,18,161,66,0,1,0,5,32,4,5,69,7,.287,0.519,0.358,Right,0.877,中日ドラゴンズ
福谷　浩司,1,2,2,0,0,0,0,0,0,0,0,0,0,0,0,0,0,0,0,.000,0.0,0.0,Right,0.0,中日ドラゴンズ
藤井　淳志,61,154,141,12,31,8,1,1,44,12,1,0,0,1,11,0,1,33,3,.220,0.312,0.279,Switch,0.591,中日ドラゴンズ
藤嶋　健人,32,1,1,0,0,0,0,0,0,0,0,0,0,0,0,0,0,1,0,.000,0.0,0.0,Right,0.0,中日ドラゴンズ
Ｒ．マルティネス,43,0,0,0,0,0,0,0,0,0,0,0,0,0,0,0,0,0,0,.000,0.0,0.0,Left,0.0,中日ドラゴンズ
又吉　克樹,26,4,2,0,1,0,0,0,1,0,0,0,2,0,0,0,0,1,0,.500,0.5,0.5,Right,1.0,中日ドラゴンズ
松井　雅人,20,39,33,3,7,2,0,0,9,2,0,0,2,0,4,0,0,12,1,.212,0.273,0.297,Left,0.57,中日ドラゴンズ
松井　佑介,16,37,32,3,7,2,0,0,9,2,0,0,2,0,3,0,0,13,0,.219,0.281,0.286,Right,0.567,中日ドラゴンズ
松坂　大輔,2,2,2,0,0,0,0,0,0,0,0,0,0,0,0,0,0,1,0,.000,0.0,0.0,Right,0.0,中日ドラゴンズ
松葉　貴大,1,1,1,0,0,0,0,0,0,0,0,0,0,0,0,0,0,1,0,.000,0.0,0.0,Left,0.0,中日ドラゴンズ
溝脇　隼人,8,16,15,3,3,0,1,0,5,0,0,0,0,0,1,0,0,2,0,.200,0.333,0.25,Left,0.583,中日ドラゴンズ
三ツ間　卓也,29,2,2,0,0,0,0,0,0,0,0,0,0,0,0,0,0,0,0,.000,0.0,0.0,Right,0.0,中日ドラゴンズ
三ツ俣　大樹,21,33,27,2,3,2,0,0,5,0,0,0,2,0,4,0,0,6,1,.111,0.185,0.226,Right,0.411,中日ドラゴンズ
モヤ,7,22,22,1,5,0,0,1,8,3,0,0,0,0,0,0,0,7,0,.227,0.364,0.227,Switch,0.591,中日ドラゴンズ
柳　裕也,26,60,45,5,8,2,0,0,10,3,0,0,10,0,5,0,0,19,0,.178,0.222,0.26,Right,0.482,中日ドラゴンズ
山井　大介,13,18,15,0,2,0,0,0,2,0,0,0,3,0,0,0,0,6,0,.133,0.133,0.133,Right,0.266,中日ドラゴンズ
山本　拓実,9,13,11,0,1,0,0,0,1,1,0,0,2,0,0,0,0,8,0,.091,0.091,0.091,Right,0.182,中日ドラゴンズ
吉見　一起,5,7,5,1,1,0,0,0,1,0,0,0,2,0,0,0,0,1,1,.200,0.2,0.2,Right,0.4,中日ドラゴンズ
ロドリゲス,64,0,0,0,0,0,0,0,0,0,0,0,0,0,0,0,0,0,0,.000,0.0,0.0,Left,0.0,中日ドラゴンズ
ロメロ,21,38,31,0,1,0,0,0,1,0,0,0,4,0,3,0,0,22,0,.032,0.032,0.118,Right,0.15,中日ドラゴンズ
渡辺　勝,27,29,27,3,4,2,0,0,6,2,1,0,0,1,1,0,0,11,0,.148,0.222,0.172,Left,0.394,中日ドラゴンズ
東妻　勇輔,24,0,0,0,0,0,0,0,0,0,0,0,0,0,0,0,0,0,0,.000,0.0,0.0,Right,0.0,千葉ロッテマリーンズ
阿部　和成,4,0,0,0,0,0,0,0,0,0,0,0,0,0,0,0,0,0,0,.000,0.0,0.0,Right,0.0,千葉ロッテマリーンズ
有吉　優樹,2,0,0,0,0,0,0,0,0,0,0,0,0,0,0,0,0,0,0,.000,0.0,0.0,Right,0.0,千葉ロッテマリーンズ
石川　歩,27,1,1,0,0,0,0,0,0,0,0,0,0,0,0,0,0,1,0,.000,0.0,0.0,Right,0.0,千葉ロッテマリーンズ
石崎　剛,2,0,0,0,0,0,0,0,0,0,0,0,0,0,0,0,0,0,0,.000,0.0,0.0,Right,0.0,千葉ロッテマリーンズ
井上　晴哉,129,509,429,60,108,16,1,24,198,65,0,0,0,3,67,1,9,98,10,.252,0.462,0.362,Right,0.824,千葉ロッテマリーンズ
岩下　大輝,21,3,2,0,0,0,0,0,0,0,0,0,1,0,0,0,0,2,0,.000,0.0,0.0,Right,0.0,千葉ロッテマリーンズ
江村　直也,23,35,31,3,3,0,0,1,6,4,0,0,2,0,2,0,0,10,2,.097,0.194,0.152,Right,0.346,千葉ロッテマリーンズ
大谷　智久,2,0,0,0,0,0,0,0,0,0,0,0,0,0,0,0,0,0,0,.000,0.0,0.0,Right,0.0,千葉ロッテマリーンズ
岡　大海,95,182,154,36,35,8,1,6,63,16,13,1,3,1,18,1,6,32,5,.227,0.409,0.33,Right,0.739,千葉ロッテマリーンズ
荻野　貴司,125,569,508,76,160,35,7,10,239,46,28,10,9,4,40,1,8,56,4,.315,0.47,0.371,Right,0.841,千葉ロッテマリーンズ
小島　和哉,10,0,0,0,0,0,0,0,0,0,0,0,0,0,0,0,0,0,0,.000,0.0,0.0,Left,0.0,千葉ロッテマリーンズ
柿沼　友哉,34,73,54,5,9,0,0,1,12,2,0,0,10,0,4,0,5,20,0,.167,0.222,0.286,Right,0.508,千葉ロッテマリーンズ
角中　勝也,108,435,368,47,95,17,1,8,138,48,2,2,3,4,55,2,5,63,10,.258,0.375,0.359,Left,0.734,千葉ロッテマリーンズ
香月　一也,26,33,33,3,5,0,0,1,8,3,0,0,0,0,0,0,0,9,0,.152,0.242,0.152,Left,0.394,千葉ロッテマリーンズ
加藤　翔平,60,120,109,12,22,3,1,4,39,9,4,2,2,0,7,0,2,32,2,.202,0.358,0.263,Switch,0.621,千葉ロッテマリーンズ
唐川　侑己,40,0,0,0,0,0,0,0,0,0,0,0,0,0,0,0,0,0,0,.000,0.0,0.0,Right,0.0,千葉ロッテマリーンズ
清田　育宏,117,377,336,49,85,8,2,10,127,57,1,3,2,2,35,1,2,77,6,.253,0.378,0.325,Right,0.703,千葉ロッテマリーンズ
酒居　知史,54,0,0,0,0,0,0,0,0,0,0,0,0,0,0,0,0,0,0,.000,0.0,0.0,Right,0.0,千葉ロッテマリーンズ
佐々木　千隼,7,0,0,0,0,0,0,0,0,0,0,0,0,0,0,0,0,0,0,.000,0.0,0.0,Right,0.0,千葉ロッテマリーンズ
菅野　剛士,28,73,66,7,13,2,0,3,24,7,0,0,0,0,6,0,1,11,0,.197,0.364,0.274,Left,0.638,千葉ロッテマリーンズ
鈴木　大地,140,614,527,76,152,34,4,15,239,68,3,1,13,2,56,0,16,75,11,.288,0.454,0.373,Left,0.827,千葉ロッテマリーンズ
高野　圭佑,2,0,0,0,0,0,0,0,0,0,0,0,0,0,0,0,0,0,0,.000,0.0,0.0,Right,0.0,千葉ロッテマリーンズ
髙濱　卓也,8,7,7,0,2,2,0,0,4,3,0,0,0,0,0,0,0,3,0,.286,0.571,0.286,Left,0.857,千葉ロッテマリーンズ
田中　靖洋,44,0,0,0,0,0,0,0,0,0,0,0,0,0,0,0,0,0,0,.000,0.0,0.0,Right,0.0,千葉ロッテマリーンズ
種市　篤暉,26,1,1,0,0,0,0,0,0,0,0,0,0,0,0,0,0,1,0,.000,0.0,0.0,Right,0.0,千葉ロッテマリーンズ
田村　龍弘,100,321,284,30,69,12,1,3,92,31,1,2,12,3,22,0,0,59,8,.243,0.324,0.294,Right,0.618,千葉ロッテマリーンズ
チェン・グァンユウ,44,0,0,0,0,0,0,0,0,0,0,0,0,0,0,0,0,0,0,.000,0.0,0.0,Left,0.0,千葉ロッテマリーンズ
東條　大樹,58,0,0,0,0,0,0,0,0,0,0,0,0,0,0,0,0,0,0,.000,0.0,0.0,Right,0.0,千葉ロッテマリーンズ
土肥　星也,6,4,4,0,0,0,0,0,0,0,0,0,0,0,0,0,0,4,0,.000,0.0,0.0,Left,0.0,千葉ロッテマリーンズ
永野　将司,5,0,0,0,0,0,0,0,0,0,0,0,0,0,0,0,0,0,0,.000,0.0,0.0,Left,0.0,千葉ロッテマリーンズ
中村　奨吾,143,586,512,68,119,22,0,17,192,59,12,6,6,3,53,2,12,96,10,.232,0.375,0.317,Right,0.692,千葉ロッテマリーンズ
中村　稔弥,10,0,0,0,0,0,0,0,0,0,0,0,0,0,0,0,0,0,0,.000,0.0,0.0,Left,0.0,千葉ロッテマリーンズ
西野　勇士,37,0,0,0,0,0,0,0,0,0,0,0,0,0,0,0,0,0,0,.000,0.0,0.0,Right,0.0,千葉ロッテマリーンズ
バルガス,35,102,84,4,15,5,0,1,23,6,0,0,0,0,16,1,2,36,2,.179,0.274,0.324,Switch,0.598,千葉ロッテマリーンズ
平沢　大河,51,108,91,10,18,3,1,1,26,8,0,2,5,0,12,0,0,28,0,.198,0.286,0.291,Left,0.577,千葉ロッテマリーンズ
ブランドン,14,0,0,0,0,0,0,0,0,0,0,0,0,0,0,0,0,0,0,.000,0.0,0.0,Left,0.0,千葉ロッテマリーンズ
福浦　和也,1,4,4,0,0,0,0,0,0,0,0,0,0,0,0,0,0,0,0,.000,0.0,0.0,Left,0.0,千葉ロッテマリーンズ
藤岡　裕大,81,278,250,36,66,14,1,2,88,21,3,1,10,2,16,0,0,33,4,.264,0.352,0.306,Left,0.658,千葉ロッテマリーンズ
藤原　恭大,6,19,19,0,2,0,0,0,2,2,0,0,0,0,0,0,0,6,0,.105,0.105,0.105,Left,0.21,千葉ロッテマリーンズ
二木　康太,22,6,5,1,0,0,0,0,0,0,0,0,0,0,1,0,0,4,0,.000,0.0,0.167,Right,0.167,千葉ロッテマリーンズ
ボルシンガー,20,2,2,0,0,0,0,0,0,0,0,0,0,0,0,0,0,1,0,.000,0.0,0.0,Right,0.0,千葉ロッテマリーンズ
細川　亨,31,8,6,0,2,0,0,0,2,1,0,0,2,0,0,0,0,1,0,.333,0.333,0.333,Right,0.666,千葉ロッテマリーンズ
細谷　圭,29,20,19,3,3,1,0,0,4,1,0,0,0,0,1,0,0,7,0,.158,0.211,0.2,Right,0.411,千葉ロッテマリーンズ
マーティン,52,228,194,32,45,9,0,14,96,39,3,3,0,1,26,1,7,57,4,.232,0.495,0.342,Left,0.837,千葉ロッテマリーンズ
益田　直也,60,0,0,0,0,0,0,0,0,0,0,0,0,0,0,0,0,0,0,.000,0.0,0.0,Right,0.0,千葉ロッテマリーンズ
松田　進,3,6,5,0,1,0,0,0,1,1,0,1,0,0,1,0,0,1,0,.200,0.2,0.333,Right,0.533,千葉ロッテマリーンズ
松永　昂大,46,0,0,0,0,0,0,0,0,0,0,0,0,0,0,0,0,0,0,.000,0.0,0.0,Left,0.0,千葉ロッテマリーンズ
三木　亮,89,145,126,20,27,3,0,2,36,15,5,0,8,1,6,0,4,38,1,.214,0.286,0.27,Right,0.556,千葉ロッテマリーンズ
三家　和真,25,22,21,3,6,1,1,1,12,5,0,0,0,0,1,0,0,8,0,.286,0.571,0.318,Switch,0.889,千葉ロッテマリーンズ
南　昌輝,4,0,0,0,0,0,0,0,0,0,0,0,0,0,0,0,0,0,0,.000,0.0,0.0,Right,0.0,千葉ロッテマリーンズ
吉田　裕太,32,56,47,2,11,1,0,2,18,7,0,1,4,0,5,0,0,13,2,.234,0.383,0.308,Right,0.691,千葉ロッテマリーンズ
李　杜軒,1,1,1,0,0,0,0,0,0,0,0,0,0,0,0,0,0,1,0,.000,0.0,0.0,Right,0.0,千葉ロッテマリーンズ
レアード,139,553,487,59,121,18,0,32,235,89,0,0,0,3,55,2,8,128,18,.248,0.483,0.333,Right,0.816,千葉ロッテマリーンズ
レイビン,2,0,0,0,0,0,0,0,0,0,0,0,0,0,0,0,0,0,0,.000,0.0,0.0,Right,0.0,千葉ロッテマリーンズ
涌井　秀章,18,2,2,0,0,0,0,0,0,0,0,0,0,0,0,0,0,2,0,.000,0.0,0.0,Right,0.0,千葉ロッテマリーンズ
明石　健志,99,315,282,31,70,12,3,5,103,21,6,2,5,1,26,1,1,66,6,.248,0.365,0.313,Left,0.678,福岡ソフトバンクホークス
石川　柊太,2,0,0,0,0,0,0,0,0,0,0,0,0,0,0,0,0,0,0,.000,0.0,0.0,Right,0.0,福岡ソフトバンクホークス
泉　圭輔,14,0,0,0,0,0,0,0,0,0,0,0,0,0,0,0,0,0,0,.000,0.0,0.0,Right,0.0,福岡ソフトバンクホークス
今宮　健太,106,426,383,44,98,15,0,14,155,41,4,5,7,1,32,2,3,67,3,.256,0.405,0.317,Right,0.722,福岡ソフトバンクホークス
岩嵜　翔,2,0,0,0,0,0,0,0,0,0,0,0,0,0,0,0,0,0,0,.000,0.0,0.0,Right,0.0,福岡ソフトバンクホークス
上林　誠知,99,286,258,28,50,6,2,11,93,31,10,4,6,1,18,2,3,75,2,.194,0.36,0.254,Left,0.614,福岡ソフトバンクホークス
内川　聖一,137,535,500,49,128,21,0,12,185,41,3,0,1,4,28,4,2,49,16,.256,0.37,0.296,Right,0.666,福岡ソフトバンクホークス
江川　智晃,11,17,15,1,5,0,0,0,5,0,0,0,0,0,1,0,1,3,0,.333,0.333,0.412,Right,0.745,福岡ソフトバンクホークス
大竹　耕太郎,17,3,3,0,0,0,0,0,0,0,0,0,0,0,0,0,0,2,1,.000,0.0,0.0,Left,0.0,福岡ソフトバンクホークス
奥村　政稔,12,0,0,0,0,0,0,0,0,0,0,0,0,0,0,0,0,0,0,.000,0.0,0.0,Right,0.0,福岡ソフトバンクホークス
甲斐　拓也,137,454,377,42,98,15,0,11,146,43,9,4,23,3,50,0,1,114,9,.260,0.387,0.346,Right,0.733,福岡ソフトバンクホークス
甲斐野　央,66,0,0,0,0,0,0,0,0,0,0,0,0,0,0,0,0,0,0,.000,0.0,0.0,Left,0.0,福岡ソフトバンクホークス
笠谷　俊介,2,0,0,0,0,0,0,0,0,0,0,0,0,0,0,0,0,0,0,.000,0.0,0.0,Left,0.0,福岡ソフトバンクホークス
加治屋　蓮,30,0,0,0,0,0,0,0,0,0,0,0,0,0,0,0,0,0,0,.000,0.0,0.0,Right,0.0,福岡ソフトバンクホークス
釜元　豪,86,189,173,18,38,2,1,4,54,11,11,1,4,0,12,0,0,56,2,.220,0.312,0.27,Left,0.582,福岡ソフトバンクホークス
嘉弥真　新也,54,0,0,0,0,0,0,0,0,0,0,0,0,0,0,0,0,0,0,.000,0.0,0.0,Left,0.0,福岡ソフトバンクホークス
川島　慶三,47,88,66,14,24,5,1,1,34,8,4,1,2,2,17,0,1,9,3,.364,0.515,0.488,Right,1.003,福岡ソフトバンクホークス
川瀬　晃,29,37,34,1,6,0,0,0,6,1,1,1,2,0,1,0,0,5,1,.176,0.176,0.2,Left,0.376,福岡ソフトバンクホークス
川原　弘之,19,0,0,0,0,0,0,0,0,0,0,0,0,0,0,0,0,0,0,.000,0.0,0.0,Left,0.0,福岡ソフトバンクホークス
グラシアル,103,410,373,61,119,17,1,28,222,68,4,3,4,4,22,1,7,84,10,.319,0.595,0.365,Right,0.96,福岡ソフトバンクホークス
九鬼　隆平,2,3,2,0,0,0,0,0,0,0,0,0,0,0,0,0,1,1,0,.000,0.0,0.333,Right,0.333,福岡ソフトバンクホークス
栗原　陵矢,32,45,39,4,9,0,1,1,14,7,0,0,0,1,3,0,2,10,1,.231,0.359,0.311,Left,0.67,福岡ソフトバンクホークス
コラス,7,21,18,2,5,0,0,1,8,2,0,0,0,0,1,0,2,6,0,.278,0.444,0.381,Left,0.825,福岡ソフトバンクホークス
椎野　新,36,0,0,0,0,0,0,0,0,0,0,0,0,0,0,0,0,0,0,.000,0.0,0.0,Right,0.0,福岡ソフトバンクホークス
周東　佑京,102,114,102,39,20,3,2,1,30,6,25,5,10,0,2,0,0,27,1,.196,0.294,0.212,Left,0.506,福岡ソフトバンクホークス
スアレス,9,1,1,0,0,0,0,0,0,0,0,0,0,0,0,0,0,1,0,.000,0.0,0.0,Right,0.0,福岡ソフトバンクホークス
杉山　一樹,2,0,0,0,0,0,0,0,0,0,0,0,0,0,0,0,0,0,0,.000,0.0,0.0,Right,0.0,福岡ソフトバンクホークス
千賀　滉大,26,6,6,0,2,1,0,0,3,0,0,0,0,0,0,0,0,2,0,.333,0.5,0.333,Left,0.833,福岡ソフトバンクホークス
田浦　文丸,8,0,0,0,0,0,0,0,0,0,0,0,0,0,0,0,0,0,0,.000,0.0,0.0,Left,0.0,福岡ソフトバンクホークス
髙田　知季,93,125,115,6,18,1,0,0,19,10,2,0,6,0,3,0,1,36,1,.157,0.165,0.185,Left,0.35,福岡ソフトバンクホークス
髙橋　純平,45,0,0,0,0,0,0,0,0,0,0,0,0,0,0,0,0,0,0,.000,0.0,0.0,Right,0.0,福岡ソフトバンクホークス
高橋　礼,23,4,4,0,1,0,0,0,1,0,0,0,0,0,0,0,0,2,0,.250,0.25,0.25,Right,0.5,福岡ソフトバンクホークス
髙谷　裕亮,55,42,30,2,5,0,0,1,8,1,0,0,7,0,5,0,0,15,0,.167,0.267,0.286,Left,0.553,福岡ソフトバンクホークス
武田　翔太,32,1,1,0,0,0,0,0,0,0,0,0,0,0,0,0,0,0,0,.000,0.0,0.0,Right,0.0,福岡ソフトバンクホークス
田中　正義,1,0,0,0,0,0,0,0,0,0,0,0,0,0,0,0,0,0,0,.000,0.0,0.0,Right,0.0,福岡ソフトバンクホークス
塚田　正義,18,24,18,1,4,0,0,1,7,3,0,0,0,0,5,2,1,6,1,.222,0.389,0.417,Right,0.806,福岡ソフトバンクホークス
デスパイネ,130,519,448,61,116,9,0,36,233,88,0,1,0,3,63,1,5,119,6,.259,0.52,0.355,Right,0.875,福岡ソフトバンクホークス
中田　賢一,1,0,0,0,0,0,0,0,0,0,0,0,0,0,0,0,0,0,0,.000,0.0,0.0,Right,0.0,福岡ソフトバンクホークス
中村　晃,44,159,139,10,34,3,1,3,48,11,0,0,3,1,15,0,1,13,0,.245,0.345,0.321,Left,0.666,福岡ソフトバンクホークス
西田　哲朗,7,8,8,2,1,1,0,0,2,1,0,0,0,0,0,0,0,0,0,.125,0.25,0.125,Right,0.375,福岡ソフトバンクホークス
二保　旭,8,0,0,0,0,0,0,0,0,0,0,0,0,0,0,0,0,0,0,.000,0.0,0.0,Right,0.0,福岡ソフトバンクホークス
野村　大樹,2,2,2,0,1,0,0,0,1,0,0,0,0,0,0,0,0,0,0,.500,0.5,0.5,Right,1.0,福岡ソフトバンクホークス
バンデンハーク,3,0,0,0,0,0,0,0,0,0,0,0,0,0,0,0,0,0,0,.000,0.0,0.0,Right,0.0,福岡ソフトバンクホークス
長谷川　勇也,25,54,43,6,13,4,0,3,26,9,1,0,0,2,7,1,2,4,1,.302,0.605,0.407,Left,1.012,福岡ソフトバンクホークス
東浜　巨,7,0,0,0,0,0,0,0,0,0,0,0,0,0,0,0,0,0,0,.000,0.0,0.0,Right,0.0,福岡ソフトバンクホークス
福田　秀平,80,183,166,27,43,8,0,9,78,26,9,3,4,2,11,1,0,48,1,.259,0.47,0.302,Left,0.772,福岡ソフトバンクホークス
牧原　大成,114,436,409,37,99,14,2,3,126,27,10,13,12,1,10,0,4,85,2,.242,0.308,0.267,Left,0.575,福岡ソフトバンクホークス
真砂　勇介,12,23,21,4,3,0,0,0,3,1,2,0,1,0,1,0,0,11,0,.143,0.143,0.182,Right,0.325,福岡ソフトバンクホークス
増田　珠,2,4,4,0,0,0,0,0,0,0,0,0,0,0,0,0,0,1,0,.000,0.0,0.0,Right,0.0,福岡ソフトバンクホークス
松田　宣浩,143,576,534,64,139,25,2,30,258,76,5,3,2,4,33,4,3,115,14,.260,0.483,0.305,Right,0.788,福岡ソフトバンクホークス
松田　遼馬,51,0,0,0,0,0,0,0,0,0,0,0,0,0,0,0,0,0,0,.000,0.0,0.0,Right,0.0,福岡ソフトバンクホークス
松本　裕樹,7,3,2,0,1,1,0,0,2,1,0,0,1,0,0,0,0,1,0,.500,1.0,0.5,Left,1.5,福岡ソフトバンクホークス
ミランダ,18,0,0,0,0,0,0,0,0,0,0,0,0,0,0,0,0,0,0,.000,0.0,0.0,Left,0.0,福岡ソフトバンクホークス
美間　優槻,15,22,22,4,2,1,0,1,6,1,0,0,0,0,0,0,0,5,0,.091,0.273,0.091,Right,0.364,福岡ソフトバンクホークス
三森　大貴,24,51,48,7,10,2,2,0,16,1,3,2,0,0,2,0,1,17,0,.208,0.333,0.255,Left,0.588,福岡ソフトバンクホークス
モイネロ,60,0,0,0,0,0,0,0,0,0,0,0,0,0,0,0,0,0,0,.000,0.0,0.0,Left,0.0,福岡ソフトバンクホークス
森　唯斗,54,0,0,0,0,0,0,0,0,0,0,0,0,0,0,0,0,0,0,.000,0.0,0.0,Right,0.0,福岡ソフトバンクホークス
柳田　悠岐,38,157,128,17,37,6,1,7,66,23,4,1,0,0,28,2,1,28,4,.289,0.516,0.42,Left,0.936,福岡ソフトバンクホークス
和田　毅,12,2,1,0,0,0,0,0,0,0,0,0,0,0,1,0,0,1,0,.000,0.0,0.5,Left,0.5,福岡ソフトバンクホークス
秋吉　亮,53,0,0,0,0,0,0,0,0,0,0,0,0,0,0,0,0,0,0,.000,0.0,0.0,Right,0.0,北海道日本ハムファイターズ
淺間　大基,13,33,29,4,6,2,1,0,10,1,0,0,3,0,1,0,0,5,0,.207,0.345,0.233,Left,0.578,北海道日本ハムファイターズ
有原　航平,24,4,2,0,0,0,0,0,0,0,0,0,2,0,0,0,0,1,0,.000,0.0,0.0,Right,0.0,北海道日本ハムファイターズ
井口　和朋,32,0,0,0,0,0,0,0,0,0,0,0,0,0,0,0,0,0,0,.000,0.0,0.0,Right,0.0,北海道日本ハムファイターズ
石井　一成,76,226,196,26,44,10,3,4,72,22,2,3,13,1,16,0,0,61,3,.224,0.367,0.282,Left,0.649,北海道日本ハムファイターズ
石川　直也,60,0,0,0,0,0,0,0,0,0,0,0,0,0,0,0,0,0,0,.000,0.0,0.0,Right,0.0,北海道日本ハムファイターズ
石川　亮,46,86,75,3,15,3,0,0,18,3,0,0,9,0,2,0,0,29,2,.200,0.24,0.221,Right,0.461,北海道日本ハムファイターズ
今井　順之助,2,7,7,0,1,0,0,0,1,1,0,0,0,0,0,0,0,2,0,.143,0.143,0.143,Left,0.286,北海道日本ハムファイターズ
上原　健太,13,3,3,0,0,0,0,0,0,0,0,0,0,0,0,0,0,3,0,.000,0.0,0.0,Left,0.0,北海道日本ハムファイターズ
宇佐見　真吾,45,103,96,4,19,3,0,0,22,9,0,0,1,0,6,0,0,19,4,.198,0.229,0.245,Left,0.474,北海道日本ハムファイターズ
浦野　博司,25,0,0,0,0,0,0,0,0,0,0,0,0,0,0,0,0,0,0,.000,0.0,0.0,Right,0.0,北海道日本ハムファイターズ
上沢　直之,11,2,2,0,0,0,0,0,0,0,0,0,0,0,0,0,0,0,0,.000,0.0,0.0,Right,0.0,北海道日本ハムファイターズ
大田　泰示,132,594,557,79,161,28,1,20,251,77,6,2,0,5,27,4,5,111,22,.289,0.451,0.325,Right,0.776,北海道日本ハムファイターズ
鍵谷　陽平,18,0,0,0,0,0,0,0,0,0,0,0,0,0,0,0,0,0,0,.000,0.0,0.0,Right,0.0,北海道日本ハムファイターズ
加藤　貴之,26,1,1,0,0,0,0,0,0,0,0,0,0,0,0,0,0,0,0,.000,0.0,0.0,Left,0.0,北海道日本ハムファイターズ
金子　弌大,26,3,3,0,0,0,0,0,0,0,0,0,0,0,0,0,0,3,0,.000,0.0,0.0,Left,0.0,北海道日本ハムファイターズ
北浦　竜次,6,0,0,0,0,0,0,0,0,0,0,0,0,0,0,0,0,0,0,.000,0.0,0.0,Left,0.0,北海道日本ハムファイターズ
清宮　幸太郎,81,278,250,26,51,11,1,7,85,33,0,1,0,4,21,0,3,75,4,.204,0.34,0.27,Left,0.61,北海道日本ハムファイターズ
公文　克彦,61,0,0,0,0,0,0,0,0,0,0,0,0,0,0,0,0,0,0,.000,0.0,0.0,Left,0.0,北海道日本ハムファイターズ
黒羽根　利規,4,3,2,1,0,0,0,0,0,1,0,0,0,0,1,0,0,1,0,.000,0.0,0.333,Right,0.333,北海道日本ハムファイターズ
郡　拓也,2,4,4,0,1,0,0,0,1,0,0,0,0,0,0,0,0,2,0,.250,0.25,0.25,Right,0.5,北海道日本ハムファイターズ
近藤　健介,138,600,490,74,148,32,5,2,196,59,1,4,0,5,103,3,2,81,11,.302,0.4,0.422,Left,0.822,北海道日本ハムファイターズ
斎藤　佑樹,11,0,0,0,0,0,0,0,0,0,0,0,0,0,0,0,0,0,0,.000,0.0,0.0,Right,0.0,北海道日本ハムファイターズ
實松　一成,5,1,1,0,0,0,0,0,0,0,0,0,0,0,0,0,0,0,0,.000,0.0,0.0,Right,0.0,北海道日本ハムファイターズ
清水　優心,98,246,216,17,56,8,0,5,79,24,0,1,9,1,19,0,1,51,6,.259,0.366,0.321,Right,0.687,北海道日本ハムファイターズ
杉浦　稔大,14,0,0,0,0,0,0,0,0,0,0,0,0,0,0,0,0,0,0,.000,0.0,0.0,Right,0.0,北海道日本ハムファイターズ
杉谷　拳士,83,157,134,15,28,4,1,4,46,12,5,1,6,1,13,1,3,36,2,.209,0.343,0.291,Switch,0.634,北海道日本ハムファイターズ
鈴木　遼太郎,1,0,0,0,0,0,0,0,0,0,0,0,0,0,0,0,0,0,0,.000,0.0,0.0,Right,0.0,北海道日本ハムファイターズ
田中　瑛斗,1,0,0,0,0,0,0,0,0,0,0,0,0,0,0,0,0,0,0,.000,0.0,0.0,Left,0.0,北海道日本ハムファイターズ
田中　賢介,89,170,153,15,39,6,2,1,52,16,0,0,2,1,14,1,0,17,3,.255,0.34,0.315,Left,0.655,北海道日本ハムファイターズ
谷口　雄也,30,50,48,4,11,2,0,2,19,10,0,0,0,0,2,0,0,12,1,.229,0.396,0.26,Left,0.656,北海道日本ハムファイターズ
玉井　大翔,65,0,0,0,0,0,0,0,0,0,0,0,0,0,0,0,0,0,0,.000,0.0,0.0,Right,0.0,北海道日本ハムファイターズ
鶴岡　慎也,35,69,62,4,11,2,0,1,16,4,0,0,4,0,3,0,0,13,2,.177,0.258,0.215,Right,0.473,北海道日本ハムファイターズ
中島　卓也,120,328,291,39,64,5,1,0,71,16,12,5,12,1,22,0,2,70,2,.220,0.244,0.278,Left,0.522,北海道日本ハムファイターズ
中田　翔,124,514,450,55,109,21,0,24,202,80,0,0,0,4,55,4,5,83,16,.242,0.449,0.329,Right,0.778,北海道日本ハムファイターズ
中村　勝,1,0,0,0,0,0,0,0,0,0,0,0,0,0,0,0,0,0,0,.000,0.0,0.0,Right,0.0,北海道日本ハムファイターズ
生田目　翼,4,0,0,0,0,0,0,0,0,0,0,0,0,0,0,0,0,0,0,.000,0.0,0.0,Right,0.0,北海道日本ハムファイターズ
西川　遥輝,142,651,548,88,158,26,6,5,211,41,19,5,8,0,93,2,2,111,5,.288,0.385,0.393,Left,0.778,北海道日本ハムファイターズ
西村　天裕,35,0,0,0,0,0,0,0,0,0,0,0,0,0,0,0,0,0,0,.000,0.0,0.0,Right,0.0,北海道日本ハムファイターズ
バーベイト,15,0,0,0,0,0,0,0,0,0,0,0,0,0,0,0,0,0,0,.000,0.0,0.0,Right,0.0,北海道日本ハムファイターズ
ハンコック,8,0,0,0,0,0,0,0,0,0,0,0,0,0,0,0,0,0,0,.000,0.0,0.0,Right,0.0,北海道日本ハムファイターズ
白村　明弘,1,3,3,0,0,0,0,0,0,0,0,0,0,0,0,0,0,3,0,.000,0.0,0.0,Left,0.0,北海道日本ハムファイターズ
平沼　翔太,73,184,165,20,39,9,2,1,55,16,2,1,5,1,10,0,3,26,3,.236,0.333,0.291,Left,0.624,北海道日本ハムファイターズ
藤岡　貴裕,2,0,0,0,0,0,0,0,0,0,0,0,0,0,0,0,0,0,0,.000,0.0,0.0,Left,0.0,北海道日本ハムファイターズ
堀　瑞輝,53,0,0,0,0,0,0,0,0,0,0,0,0,0,0,0,0,0,0,.000,0.0,0.0,Left,0.0,北海道日本ハムファイターズ
松本　剛,4,3,3,0,1,0,0,0,1,0,0,0,0,0,0,0,0,0,0,.333,0.333,0.333,Right,0.666,北海道日本ハムファイターズ
万波　中正,2,4,4,0,0,0,0,0,0,0,0,0,0,0,0,0,0,2,0,.000,0.0,0.0,Right,0.0,北海道日本ハムファイターズ
宮西　尚生,55,0,0,0,0,0,0,0,0,0,0,0,0,0,0,0,0,0,0,.000,0.0,0.0,Left,0.0,北海道日本ハムファイターズ
村田　透,13,0,0,0,0,0,0,0,0,0,0,0,0,0,0,0,0,0,0,.000,0.0,0.0,Left,0.0,北海道日本ハムファイターズ
谷内　亮太,24,26,25,1,2,0,0,0,2,1,0,0,0,0,0,0,1,8,2,.080,0.08,0.115,Right,0.195,北海道日本ハムファイターズ
横尾　俊建,78,191,170,7,32,10,0,3,51,13,0,0,1,1,15,2,4,34,4,.188,0.3,0.268,Right,0.568,北海道日本ハムファイターズ
吉川　光夫,4,0,0,0,0,0,0,0,0,0,0,0,0,0,0,0,0,0,0,.000,0.0,0.0,Left,0.0,北海道日本ハムファイターズ
吉田　輝星,4,1,1,0,0,0,0,0,0,0,0,0,0,0,0,0,0,0,0,.000,0.0,0.0,Right,0.0,北海道日本ハムファイターズ
吉田　侑樹,9,0,0,0,0,0,0,0,0,0,0,0,0,0,0,0,0,0,0,.000,0.0,0.0,Right,0.0,北海道日本ハムファイターズ
ロドリゲス,34,0,0,0,0,0,0,0,0,0,0,0,0,0,0,0,0,0,0,.000,0.0,0.0,Right,0.0,北海道日本ハムファイターズ
渡邉　諒,132,543,481,60,126,16,5,11,185,58,0,2,3,5,48,0,6,120,8,.262,0.385,0.333,Right,0.718,北海道日本ハムファイターズ
王　柏融,88,340,306,18,78,13,0,3,100,35,1,0,0,3,25,1,6,65,6,.255,0.327,0.321,Left,0.648,北海道日本ハムファイターズ
青山　浩二,62,0,0,0,0,0,0,0,0,0,0,0,0,0,0,0,0,0,0,.000,0.0,0.0,Right,0.0,東北楽天ゴールデンイーグルス
浅村　栄斗,143,635,529,93,139,26,2,33,268,92,1,1,0,9,93,9,4,162,12,.263,0.507,0.372,Right,0.879,東北楽天ゴールデンイーグルス
足立　祐一,21,47,39,4,6,1,0,2,13,4,0,0,5,1,1,0,1,12,0,.154,0.333,0.19,Right,0.523,東北楽天ゴールデンイーグルス
安樂　智大,9,0,0,0,0,0,0,0,0,0,0,0,0,0,0,0,0,0,0,.000,0.0,0.0,Left,0.0,東北楽天ゴールデンイーグルス
石橋　良太,28,3,3,1,0,0,0,0,0,0,0,0,0,0,0,0,0,2,0,.000,0.0,0.0,Left,0.0,東北楽天ゴールデンイーグルス
石原　彪,4,7,7,0,0,0,0,0,0,0,0,0,0,0,0,0,0,5,0,.000,0.0,0.0,Right,0.0,東北楽天ゴールデンイーグルス
今江　年晶,26,79,76,7,21,2,0,1,26,7,0,1,0,0,3,0,0,16,6,.276,0.342,0.304,Right,0.646,東北楽天ゴールデンイーグルス
ウィーラー,117,472,411,53,100,15,0,19,172,67,3,5,0,10,43,0,8,96,22,.243,0.418,0.32,Right,0.738,東北楽天ゴールデンイーグルス
内田　靖人,2,5,2,0,0,0,0,0,0,0,0,0,0,0,2,0,1,0,0,.000,0.0,0.6,Right,0.6,東北楽天ゴールデンイーグルス
オコエ　瑠偉,52,122,110,12,20,4,0,3,33,15,5,1,2,1,6,0,3,29,3,.182,0.3,0.242,Right,0.542,東北楽天ゴールデンイーグルス
太田　光,55,112,96,10,21,2,0,1,26,6,1,0,8,0,7,0,1,23,2,.219,0.271,0.279,Right,0.55,東北楽天ゴールデンイーグルス
小郷　裕哉,22,34,29,7,5,2,0,1,10,4,0,0,1,0,4,0,0,11,0,.172,0.345,0.273,Left,0.618,東北楽天ゴールデンイーグルス
小野　郁,13,0,0,0,0,0,0,0,0,0,0,0,0,0,0,0,0,0,0,.000,0.0,0.0,Right,0.0,東北楽天ゴールデンイーグルス
釜田　佳直,5,0,0,0,0,0,0,0,0,0,0,0,0,0,0,0,0,0,0,.000,0.0,0.0,Right,0.0,東北楽天ゴールデンイーグルス
辛島　航,27,3,3,0,0,0,0,0,0,0,0,0,0,0,0,0,0,2,0,.000,0.0,0.0,Left,0.0,東北楽天ゴールデンイーグルス
岸　孝之,15,5,5,0,0,0,0,0,0,0,0,0,0,0,0,0,0,5,0,.000,0.0,0.0,Right,0.0,東北楽天ゴールデンイーグルス
銀次,141,590,529,56,161,24,1,5,202,56,2,5,4,1,52,2,4,58,19,.304,0.382,0.37,Left,0.752,東北楽天ゴールデンイーグルス
久保　裕也,22,0,0,0,0,0,0,0,0,0,0,0,0,0,0,0,0,0,0,.000,0.0,0.0,Right,0.0,東北楽天ゴールデンイーグルス
熊原　健人,1,0,0,0,0,0,0,0,0,0,0,0,0,0,0,0,0,0,0,.000,0.0,0.0,Left,0.0,東北楽天ゴールデンイーグルス
近藤　弘樹,2,0,0,0,0,0,0,0,0,0,0,0,0,0,0,0,0,0,0,.000,0.0,0.0,Right,0.0,東北楽天ゴールデンイーグルス
今野　龍太,4,0,0,0,0,0,0,0,0,0,0,0,0,0,0,0,0,0,0,.000,0.0,0.0,Right,0.0,東北楽天ゴールデンイーグルス
塩見　貴洋,9,2,2,0,0,0,0,0,0,0,0,0,0,0,0,0,0,1,0,.000,0.0,0.0,Left,0.0,東北楽天ゴールデンイーグルス
嶋　基宏,57,131,110,12,23,5,0,3,37,15,0,0,7,0,13,0,1,20,3,.209,0.336,0.298,Right,0.634,東北楽天ゴールデンイーグルス
島井　寛仁,10,2,1,4,0,0,0,0,0,0,1,1,0,0,1,0,0,0,0,.000,0.0,0.5,Right,0.5,東北楽天ゴールデンイーグルス
島内　宏明,133,585,506,68,145,21,5,10,206,57,3,4,9,1,58,0,11,65,11,.287,0.407,0.372,Left,0.779,東北楽天ゴールデンイーグルス
下水流　昂,50,101,88,12,22,2,0,2,30,6,0,1,2,0,10,0,1,28,1,.250,0.341,0.333,Right,0.674,東北楽天ゴールデンイーグルス
菅原　秀,9,0,0,0,0,0,0,0,0,0,0,0,0,0,0,0,0,0,0,.000,0.0,0.0,Left,0.0,東北楽天ゴールデンイーグルス
宋　家豪,48,0,0,0,0,0,0,0,0,0,0,0,0,0,0,0,0,0,0,.000,0.0,0.0,Left,0.0,東北楽天ゴールデンイーグルス
高梨　雄平,48,0,0,0,0,0,0,0,0,0,0,0,0,0,0,0,0,0,0,.000,0.0,0.0,Left,0.0,東北楽天ゴールデンイーグルス
辰己　涼介,124,369,314,42,72,12,2,4,100,25,13,3,10,2,39,1,4,101,4,.229,0.318,0.32,Left,0.638,東北楽天ゴールデンイーグルス
田中　和基,59,193,160,22,30,6,2,1,43,9,3,7,5,2,26,1,0,37,3,.188,0.269,0.298,Switch,0.567,東北楽天ゴールデンイーグルス
寺岡　寛治,1,0,0,0,0,0,0,0,0,0,0,0,0,0,0,0,0,0,0,.000,0.0,0.0,Right,0.0,東北楽天ゴールデンイーグルス
戸村　健次,6,1,1,0,0,0,0,0,0,0,0,0,0,0,0,0,0,0,0,.000,0.0,0.0,Right,0.0,東北楽天ゴールデンイーグルス
西巻　賢二,2,1,1,0,0,0,0,0,0,0,0,0,0,0,0,0,0,1,0,.000,0.0,0.0,Right,0.0,東北楽天ゴールデンイーグルス
西宮　悠介,14,0,0,0,0,0,0,0,0,0,0,0,0,0,0,0,0,0,0,.000,0.0,0.0,Left,0.0,東北楽天ゴールデンイーグルス
則本　昂大,12,0,0,0,0,0,0,0,0,0,0,0,0,0,0,0,0,0,0,.000,0.0,0.0,Left,0.0,東北楽天ゴールデンイーグルス
ハーマン,50,0,0,0,0,0,0,0,0,0,0,0,0,0,0,0,0,0,0,.000,0.0,0.0,Left,0.0,東北楽天ゴールデンイーグルス
橋本　到,11,10,9,1,0,0,0,0,0,0,1,0,0,0,1,0,0,3,0,.000,0.0,0.1,Left,0.1,東北楽天ゴールデンイーグルス
フェルナンド,16,39,34,1,8,1,0,0,9,7,0,0,1,1,2,0,1,10,1,.235,0.265,0.289,Right,0.554,東北楽天ゴールデンイーグルス
ブセニッツ,54,0,0,0,0,0,0,0,0,0,0,0,0,0,0,0,0,0,0,.000,0.0,0.0,Right,0.0,東北楽天ゴールデンイーグルス
ブラッシュ,128,527,426,66,111,20,0,33,230,95,2,3,0,3,81,2,17,157,7,.261,0.54,0.397,Right,0.937,東北楽天ゴールデンイーグルス
福井　優也,8,0,0,0,0,0,0,0,0,0,0,0,0,0,0,0,0,0,0,.000,0.0,0.0,Right,0.0,東北楽天ゴールデンイーグルス
福山　博之,7,0,0,0,0,0,0,0,0,0,0,0,0,0,0,0,0,0,0,.000,0.0,0.0,Right,0.0,東北楽天ゴールデンイーグルス
藤田　一也,61,136,124,13,32,4,0,2,42,10,1,0,4,0,7,1,1,16,1,.258,0.339,0.303,Left,0.642,東北楽天ゴールデンイーグルス
藤平　尚真,3,0,0,0,0,0,0,0,0,0,0,0,0,0,0,0,0,0,0,.000,0.0,0.0,Right,0.0,東北楽天ゴールデンイーグルス
古川　侑利,8,1,1,0,0,0,0,0,0,0,0,0,0,0,0,0,0,1,0,.000,0.0,0.0,Right,0.0,東北楽天ゴールデンイーグルス
堀内　謙伍,65,140,122,6,19,2,2,0,25,13,0,0,11,0,5,1,2,41,2,.156,0.205,0.202,Left,0.407,東北楽天ゴールデンイーグルス
松井　裕樹,68,0,0,0,0,0,0,0,0,0,0,0,0,0,0,0,0,0,0,.000,0.0,0.0,Left,0.0,東北楽天ゴールデンイーグルス
美馬　学,25,4,4,1,1,0,0,0,1,0,0,0,0,0,0,0,0,1,0,.250,0.25,0.25,Left,0.5,東北楽天ゴールデンイーグルス
三好　匠,17,4,4,0,1,0,0,0,1,1,1,0,0,0,0,0,0,1,0,.250,0.25,0.25,Right,0.5,東北楽天ゴールデンイーグルス
村林　一輝,49,25,24,2,2,1,0,0,3,0,0,1,1,0,0,0,0,5,1,.083,0.125,0.083,Right,0.208,東北楽天ゴールデンイーグルス
茂木　栄五郎,141,648,568,86,160,28,6,13,239,55,7,5,9,2,66,1,3,121,7,.282,0.421,0.358,Left,0.779,東北楽天ゴールデンイーグルス
森原　康平,64,0,0,0,0,0,0,0,0,0,0,0,0,0,0,0,0,0,0,.000,0.0,0.0,Left,0.0,東北楽天ゴールデンイーグルス
山﨑　剛,16,30,27,4,9,4,0,1,16,2,4,0,3,0,0,0,0,5,0,.333,0.593,0.333,Left,0.926,東北楽天ゴールデンイーグルス
山下　斐紹,31,66,60,8,11,1,0,3,21,5,0,0,3,0,1,0,2,13,0,.183,0.35,0.222,Left,0.572,東北楽天ゴールデンイーグルス
弓削　隼人,8,0,0,0,0,0,0,0,0,0,0,0,0,0,0,0,0,0,0,.000,0.0,0.0,Left,0.0,東北楽天ゴールデンイーグルス
由規,1,0,0,0,0,0,0,0,0,0,0,0,0,0,0,0,0,0,0,.000,0.0,0.0,Left,0.0,東北楽天ゴールデンイーグルス
和田　恋,31,113,107,7,27,4,1,2,39,11,0,0,1,1,3,0,1,32,4,.252,0.364,0.277,Right,0.641,東北楽天ゴールデンイーグルス
渡辺　直人,19,19,16,1,1,0,0,1,4,1,0,0,1,0,1,0,1,7,0,.063,0.25,0.167,Right,0.417,東北楽天ゴールデンイーグルス
渡邊　佑樹,1,0,0,0,0,0,0,0,0,0,0,0,0,0,0,0,0,0,0,.000,0.0,0.0,Left,0.0,東北楽天ゴールデンイーグルス
渡邊　佳明,77,245,218,15,49,8,1,1,62,26,0,0,11,1,14,1,1,40,5,.225,0.284,0.274,Left,0.558,東北楽天ゴールデンイーグルス
相内　誠,2,0,0,0,0,0,0,0,0,0,0,0,0,0,0,0,0,0,0,.000,0.0,0.0,Right,0.0,埼玉西武ライオンズ
愛斗,42,57,53,7,8,1,0,0,9,3,0,0,1,0,3,2,0,11,2,.151,0.17,0.196,Right,0.366,埼玉西武ライオンズ
秋山　翔吾,143,678,590,112,179,31,4,20,278,62,12,8,0,1,78,2,9,108,8,.303,0.471,0.392,Left,0.863,埼玉西武ライオンズ
粟津　凱士,1,0,0,0,0,0,0,0,0,0,0,0,0,0,0,0,0,0,0,.000,0.0,0.0,Right,0.0,埼玉西武ライオンズ
伊藤　翔,6,0,0,0,0,0,0,0,0,0,0,0,0,0,0,0,0,0,0,.000,0.0,0.0,Right,0.0,埼玉西武ライオンズ
今井　達也,23,3,3,0,0,0,0,0,0,0,0,0,0,0,0,0,0,2,0,.000,0.0,0.0,Right,0.0,埼玉西武ライオンズ
榎田　大樹,13,1,1,0,0,0,0,0,0,0,0,0,0,0,0,0,0,0,0,.000,0.0,0.0,Left,0.0,埼玉西武ライオンズ
大石　達也,2,0,0,0,0,0,0,0,0,0,0,0,0,0,0,0,0,0,0,.000,0.0,0.0,Left,0.0,埼玉西武ライオンズ
岡田　雅利,36,78,61,8,16,3,1,1,24,7,0,0,6,0,9,0,2,12,1,.262,0.393,0.375,Right,0.768,埼玉西武ライオンズ
小川　龍也,55,0,0,0,0,0,0,0,0,0,0,0,0,0,0,0,0,0,0,.000,0.0,0.0,Left,0.0,埼玉西武ライオンズ
金子　侑司,133,524,463,60,116,8,1,3,135,33,41,10,6,3,49,1,3,81,3,.251,0.292,0.324,Switch,0.616,埼玉西武ライオンズ
木村　文紀,130,441,391,46,86,12,3,10,134,38,16,9,15,6,24,0,5,101,3,.220,0.343,0.27,Right,0.613,埼玉西武ライオンズ
郭　俊麟,2,0,0,0,0,0,0,0,0,0,0,0,0,0,0,0,0,0,0,.000,0.0,0.0,Right,0.0,埼玉西武ライオンズ
熊代　聖人,33,17,15,5,4,1,0,0,5,0,2,1,1,0,1,0,0,5,0,.267,0.333,0.313,Right,0.646,埼玉西武ライオンズ
栗山　巧,123,466,409,35,103,21,0,7,145,54,0,0,3,3,48,2,3,100,13,.252,0.355,0.333,Left,0.688,埼玉西武ライオンズ
源田　壮亮,135,609,540,90,148,23,6,2,189,41,30,9,25,3,40,0,1,67,9,.274,0.35,0.324,Left,0.674,埼玉西武ライオンズ
小石　博孝,8,0,0,0,0,0,0,0,0,0,0,0,0,0,0,0,0,0,0,.000,0.0,0.0,Left,0.0,埼玉西武ライオンズ
國場　翼,15,0,0,0,0,0,0,0,0,0,0,0,0,0,0,0,0,0,0,.000,0.0,0.0,Left,0.0,埼玉西武ライオンズ
駒月　仁人,7,7,7,1,1,0,0,0,1,0,0,0,0,0,0,0,0,1,0,.143,0.143,0.143,Right,0.286,埼玉西武ライオンズ
斉藤　彰吾,3,3,3,0,0,0,0,0,0,0,0,0,0,0,0,0,0,3,0,.000,0.0,0.0,Left,0.0,埼玉西武ライオンズ
齊藤　大将,9,0,0,0,0,0,0,0,0,0,0,0,0,0,0,0,0,0,0,.000,0.0,0.0,Left,0.0,埼玉西武ライオンズ
佐藤　龍世,52,63,59,6,13,6,0,2,25,7,0,0,1,0,3,0,0,14,1,.220,0.424,0.258,Right,0.682,埼玉西武ライオンズ
佐野　泰雄,44,0,0,0,0,0,0,0,0,0,0,0,0,0,0,0,0,0,0,.000,0.0,0.0,Left,0.0,埼玉西武ライオンズ
鈴木　将平,16,28,26,4,4,0,0,0,4,1,1,1,1,0,1,0,0,6,1,.154,0.154,0.185,Left,0.339,埼玉西武ライオンズ
平良　海馬,26,0,0,0,0,0,0,0,0,0,0,0,0,0,0,0,0,0,0,.000,0.0,0.0,Left,0.0,埼玉西武ライオンズ
高木　勇人,2,0,0,0,0,0,0,0,0,0,0,0,0,0,0,0,0,0,0,.000,0.0,0.0,Right,0.0,埼玉西武ライオンズ
高木　渉,1,1,1,0,0,0,0,0,0,0,0,0,0,0,0,0,0,0,0,.000,0.0,0.0,Left,0.0,埼玉西武ライオンズ
髙橋　光成,21,5,5,0,0,0,0,0,0,0,0,0,0,0,0,0,0,4,0,.000,0.0,0.0,Right,0.0,埼玉西武ライオンズ
武隈　祥太,10,0,0,0,0,0,0,0,0,0,0,0,0,0,0,0,0,0,0,.000,0.0,0.0,Left,0.0,埼玉西武ライオンズ
田村　伊知郎,6,0,0,0,0,0,0,0,0,0,0,0,0,0,0,0,0,0,0,.000,0.0,0.0,Left,0.0,埼玉西武ライオンズ
多和田　真三郎,12,0,0,0,0,0,0,0,0,0,0,0,0,0,0,0,0,0,0,.000,0.0,0.0,Right,0.0,埼玉西武ライオンズ
十亀　剣,19,2,2,0,0,0,0,0,0,0,0,0,0,0,0,0,0,1,0,.000,0.0,0.0,Right,0.0,埼玉西武ライオンズ
戸川　大輔,10,25,23,3,4,1,0,1,8,1,0,1,0,0,2,0,0,4,0,.174,0.348,0.24,Left,0.588,埼玉西武ライオンズ
外崎　修汰,143,621,533,96,146,27,6,26,263,90,22,6,14,6,63,0,5,132,9,.274,0.493,0.353,Right,0.846,埼玉西武ライオンズ
永江　恭平,27,26,21,4,2,1,0,0,3,1,1,1,1,0,4,0,0,12,0,.095,0.143,0.24,Left,0.383,埼玉西武ライオンズ
中田　祥多,2,9,8,0,1,0,0,0,1,0,0,0,1,0,0,0,0,4,0,.125,0.125,0.125,Right,0.25,埼玉西武ライオンズ
中村　剛也,135,557,496,69,142,30,0,30,262,123,2,1,0,3,54,5,4,123,12,.286,0.528,0.359,Right,0.887,埼玉西武ライオンズ
ニール,17,2,2,0,0,0,0,0,0,0,0,0,0,0,0,0,0,0,0,.000,0.0,0.0,Right,0.0,埼玉西武ライオンズ
野田　昇吾,23,0,0,0,0,0,0,0,0,0,0,0,0,0,0,0,0,0,0,.000,0.0,0.0,Left,0.0,埼玉西武ライオンズ
ヒース,34,0,0,0,0,0,0,0,0,0,0,0,0,0,0,0,0,0,0,.000,0.0,0.0,Right,0.0,埼玉西武ライオンズ
平井　克典,81,1,1,0,0,0,0,0,0,0,0,0,0,0,0,0,0,1,0,.000,0.0,0.0,Right,0.0,埼玉西武ライオンズ
本田　圭佑,16,2,2,0,0,0,0,0,0,0,0,0,0,0,0,0,0,0,0,.000,0.0,0.0,Right,0.0,埼玉西武ライオンズ
マーティン,41,0,0,0,0,0,0,0,0,0,0,0,0,0,0,0,0,0,0,.000,0.0,0.0,Right,0.0,埼玉西武ライオンズ
増田　達至,65,0,0,0,0,0,0,0,0,0,0,0,0,0,0,0,0,0,0,.000,0.0,0.0,Right,0.0,埼玉西武ライオンズ
松本　直晃,4,0,0,0,0,0,0,0,0,0,0,0,0,0,0,0,0,0,0,.000,0.0,0.0,Right,0.0,埼玉西武ライオンズ
松本　航,16,4,2,0,0,0,0,0,0,0,0,0,2,0,0,0,0,1,0,.000,0.0,0.0,Right,0.0,埼玉西武ライオンズ
水口　大地,20,11,10,5,0,0,0,0,0,0,2,0,0,0,1,0,0,4,0,.000,0.0,0.091,Left,0.091,埼玉西武ライオンズ
南川　忠亮,1,0,0,0,0,0,0,0,0,0,0,0,0,0,0,0,0,0,0,.000,0.0,0.0,Right,0.0,埼玉西武ライオンズ
メヒア,75,147,128,13,27,9,0,6,54,31,0,0,0,4,15,0,0,46,2,.211,0.422,0.286,Right,0.708,埼玉西武ライオンズ
森　友哉,135,573,492,96,162,34,2,23,269,105,3,2,1,6,72,3,2,89,9,.329,0.547,0.413,Left,0.96,埼玉西武ライオンズ
森脇　亮介,29,1,1,0,0,0,0,0,0,0,0,0,0,0,0,0,0,1,0,.000,0.0,0.0,Right,0.0,埼玉西武ライオンズ
山川　穂高,143,626,524,93,134,20,0,43,283,120,1,0,0,3,86,8,13,142,13,.256,0.54,0.372,Right,0.912,埼玉西武ライオンズ
山田　遥楓,4,13,12,2,2,0,0,0,2,0,0,0,0,0,1,0,0,4,1,.167,0.167,0.231,Right,0.398,埼玉西武ライオンズ
山野辺　翔,9,18,14,1,1,1,0,0,2,1,1,0,0,0,2,0,2,4,1,.071,0.143,0.278,Right,0.421,埼玉西武ライオンズ
廖　任磊,3,0,0,0,0,0,0,0,0,0,0,0,0,0,0,0,0,0,0,.000,0.0,0.0,Right,0.0,埼玉西武ライオンズ
アルバース,13,0,0,0,0,0,0,0,0,0,0,0,0,0,0,0,0,0,0,.000,0.0,0.0,Right,0.0,オリックス・バファローズ
安達　了一,56,179,155,18,43,6,1,2,57,20,10,2,4,1,18,0,1,29,5,.277,0.368,0.354,Right,0.722,オリックス・バファローズ
荒西　祐大,13,3,3,0,0,0,0,0,0,0,0,0,0,0,0,0,0,1,0,.000,0.0,0.0,Right,0.0,オリックス・バファローズ
飯田　大祐,8,16,13,0,0,0,0,0,0,0,0,0,3,0,0,0,0,4,1,.000,0.0,0.0,Right,0.0,オリックス・バファローズ
岩本　輝,9,0,0,0,0,0,0,0,0,0,0,0,0,0,0,0,0,0,0,.000,0.0,0.0,Left,0.0,オリックス・バファローズ
エップラー,24,0,0,0,0,0,0,0,0,0,0,0,0,0,0,0,0,0,0,.000,0.0,0.0,Right,0.0,オリックス・バファローズ
大城　滉二,91,345,302,36,79,18,2,3,110,28,11,10,11,1,25,0,6,56,4,.262,0.364,0.329,Right,0.693,オリックス・バファローズ
太田　椋,6,16,13,1,0,0,0,0,0,0,0,0,0,0,2,0,1,7,0,.000,0.0,0.188,Right,0.188,オリックス・バファローズ
小田　裕也,82,203,180,21,37,5,2,3,55,21,9,5,3,2,12,0,6,47,0,.206,0.306,0.275,Left,0.581,オリックス・バファローズ
海田　智行,55,0,0,0,0,0,0,0,0,0,0,0,0,0,0,0,0,0,0,.000,0.0,0.0,Left,0.0,オリックス・バファローズ
金田　和之,6,0,0,0,0,0,0,0,0,0,0,0,0,0,0,0,0,0,0,.000,0.0,0.0,Right,0.0,オリックス・バファローズ
神戸　文也,19,0,0,0,0,0,0,0,0,0,0,0,0,0,0,0,0,0,0,.000,0.0,0.0,Right,0.0,オリックス・バファローズ
岸田　護,1,0,0,0,0,0,0,0,0,0,0,0,0,0,0,0,0,0,0,.000,0.0,0.0,Right,0.0,オリックス・バファローズ
宜保　翔,8,28,26,0,6,1,0,0,7,0,0,0,0,0,2,0,0,7,0,.231,0.269,0.286,Left,0.555,オリックス・バファローズ
Ｋ－鈴木,19,4,4,0,0,0,0,0,0,0,0,0,0,0,0,0,0,3,0,.000,0.0,0.0,Right,0.0,オリックス・バファローズ
小島　脩平,103,266,246,23,54,9,0,4,75,18,7,4,3,1,16,0,0,49,2,.220,0.305,0.266,Left,0.571,オリックス・バファローズ
後藤　駿太,91,194,165,17,37,7,3,1,53,22,4,3,6,1,19,0,3,47,1,.224,0.321,0.314,Left,0.635,オリックス・バファローズ
小林　慶祐,20,0,0,0,0,0,0,0,0,0,0,0,0,0,0,0,0,0,0,.000,0.0,0.0,Right,0.0,オリックス・バファローズ
近藤　大亮,52,0,0,0,0,0,0,0,0,0,0,0,0,0,0,0,0,0,0,.000,0.0,0.0,Right,0.0,オリックス・バファローズ
齋藤　綱記,11,0,0,0,0,0,0,0,0,0,0,0,0,0,0,0,0,0,0,.000,0.0,0.0,Left,0.0,オリックス・バファローズ
榊原　翼,13,3,3,0,0,0,0,0,0,0,0,0,0,0,0,0,0,3,0,.000,0.0,0.0,Right,0.0,オリックス・バファローズ
佐野　皓大,68,130,121,22,25,5,1,1,35,9,12,3,3,0,5,0,1,43,2,.207,0.289,0.244,Switch,0.533,オリックス・バファローズ
澤田　圭佑,28,0,0,0,0,0,0,0,0,0,0,0,0,0,0,0,0,0,0,.000,0.0,0.0,Left,0.0,オリックス・バファローズ
白崎　浩之,25,54,49,6,10,0,0,2,16,6,0,0,0,0,5,0,0,14,1,.204,0.327,0.278,Right,0.605,オリックス・バファローズ
杉本　裕太郎,18,51,51,5,8,1,0,4,21,7,1,0,0,0,0,0,0,22,2,.157,0.412,0.157,Right,0.569,オリックス・バファローズ
鈴木　昂平,58,53,44,3,10,1,0,0,11,0,0,0,2,0,4,0,3,12,2,.227,0.25,0.333,Right,0.583,オリックス・バファローズ
鈴木　優,1,0,0,0,0,0,0,0,0,0,0,0,0,0,0,0,0,0,0,.000,0.0,0.0,Right,0.0,オリックス・バファローズ
髙城　俊人,5,12,11,1,2,0,0,0,2,0,0,0,0,0,1,0,0,4,0,.182,0.182,0.25,Right,0.432,オリックス・バファローズ
武田　健吾,6,9,8,0,1,0,0,0,1,0,1,0,0,0,0,0,1,1,0,.125,0.125,0.222,Right,0.347,オリックス・バファローズ
竹安　大知,10,4,4,0,0,0,0,0,0,0,0,0,0,0,0,0,0,3,0,.000,0.0,0.0,Right,0.0,オリックス・バファローズ
田嶋　大樹,10,2,2,0,0,0,0,0,0,0,0,0,0,0,0,0,0,2,0,.000,0.0,0.0,Left,0.0,オリックス・バファローズ
張　奕,8,0,0,0,0,0,0,0,0,0,0,0,0,0,0,0,0,0,0,.000,0.0,0.0,Right,0.0,オリックス・バファローズ
Ｔ－岡田,20,56,50,4,6,0,0,1,9,2,0,0,0,0,6,0,0,19,3,.120,0.18,0.214,Left,0.394,オリックス・バファローズ
ディクソン,37,0,0,0,0,0,0,0,0,0,0,0,0,0,0,0,0,0,0,.000,0.0,0.0,Right,0.0,オリックス・バファローズ
東明　大貴,7,0,0,0,0,0,0,0,0,0,0,0,0,0,0,0,0,0,0,.000,0.0,0.0,Right,0.0,オリックス・バファローズ
富山　凌雅,1,0,0,0,0,0,0,0,0,0,0,0,0,0,0,0,0,0,0,.000,0.0,0.0,Left,0.0,オリックス・バファローズ
頓宮　裕真,28,93,91,5,18,5,0,3,32,10,0,0,0,1,1,0,0,22,3,.198,0.352,0.204,Right,0.556,オリックス・バファローズ
中川　圭太,111,396,364,39,105,21,2,3,139,32,9,5,4,2,25,1,1,62,6,.288,0.382,0.334,Right,0.716,オリックス・バファローズ
成瀬　善久,6,0,0,0,0,0,0,0,0,0,0,0,0,0,0,0,0,0,0,.000,0.0,0.0,Left,0.0,オリックス・バファローズ
西浦　颯大,77,239,220,24,43,8,1,1,56,18,8,3,5,1,13,0,0,56,1,.195,0.255,0.239,Left,0.494,オリックス・バファローズ
西野　真弘,56,188,166,21,40,5,1,1,50,14,1,0,3,1,16,0,2,24,1,.241,0.301,0.314,Left,0.615,オリックス・バファローズ
西村　凌,19,53,49,3,13,3,0,2,22,4,2,0,2,0,2,0,0,10,1,.265,0.449,0.294,Right,0.743,オリックス・バファローズ
比嘉　幹貴,45,0,0,0,0,0,0,0,0,0,0,0,0,0,0,0,0,0,0,.000,0.0,0.0,Right,0.0,オリックス・バファローズ
左澤　優,4,0,0,0,0,0,0,0,0,0,0,0,0,0,0,0,0,0,0,.000,0.0,0.0,Left,0.0,オリックス・バファローズ
福田　周平,135,583,492,65,123,13,5,2,152,38,30,14,19,2,62,0,8,57,7,.250,0.309,0.342,Left,0.651,オリックス・バファローズ
伏見　寅威,39,72,61,4,10,0,0,1,13,9,0,1,0,1,8,1,2,16,2,.164,0.213,0.278,Right,0.491,オリックス・バファローズ
マレーロ,43,133,123,8,26,7,0,2,39,14,0,0,0,2,7,0,1,35,5,.211,0.317,0.256,Right,0.573,オリックス・バファローズ
増井　浩俊,53,0,0,0,0,0,0,0,0,0,0,0,0,0,0,0,0,0,0,.000,0.0,0.0,Right,0.0,オリックス・バファローズ
松井　雅人,24,42,36,5,7,0,0,0,7,2,0,0,3,0,3,0,0,7,0,.194,0.194,0.256,Left,0.45,オリックス・バファローズ
松井　佑介,7,18,18,2,6,1,0,1,10,1,0,0,0,0,0,0,0,3,1,.333,0.556,0.333,Right,0.889,オリックス・バファローズ
松葉　貴大,5,0,0,0,0,0,0,0,0,0,0,0,0,0,0,0,0,0,0,.000,0.0,0.0,Left,0.0,オリックス・バファローズ
宮﨑　祐樹,15,28,23,1,3,0,0,0,3,1,0,0,0,1,2,0,2,9,0,.130,0.13,0.25,Right,0.38,オリックス・バファローズ
宗　佑磨,54,177,148,16,40,6,1,2,54,14,7,3,4,1,13,0,11,30,4,.270,0.365,0.37,Left,0.735,オリックス・バファローズ
メネセス,29,118,102,7,21,4,0,4,37,14,0,1,0,3,13,0,0,28,3,.206,0.363,0.288,Right,0.651,オリックス・バファローズ
モヤ,64,255,242,24,59,7,0,10,96,35,0,0,0,1,10,0,2,59,7,.244,0.397,0.278,Switch,0.675,オリックス・バファローズ
山足　達也,28,64,61,3,10,0,1,1,15,8,0,1,0,0,2,0,1,12,1,.164,0.246,0.203,Right,0.449,オリックス・バファローズ
山岡　泰輔,26,5,5,0,0,0,0,0,0,0,0,0,0,0,0,0,0,2,0,.000,0.0,0.0,Left,0.0,オリックス・バファローズ
山崎　勝己,24,8,8,0,0,0,0,0,0,0,0,0,0,0,0,0,0,5,1,.000,0.0,0.0,Right,0.0,オリックス・バファローズ
山﨑　福也,36,0,0,0,0,0,0,0,0,0,0,0,0,0,0,0,0,0,0,.000,0.0,0.0,Left,0.0,オリックス・バファローズ
山田　修義,40,0,0,0,0,0,0,0,0,0,0,0,0,0,0,0,0,0,0,.000,0.0,0.0,Left,0.0,オリックス・バファローズ
山本　由伸,20,2,1,0,0,0,0,0,0,0,0,0,1,0,0,0,0,0,0,.000,0.0,0.0,Right,0.0,オリックス・バファローズ
吉田　一将,33,0,0,0,0,0,0,0,0,0,0,0,0,0,0,0,0,0,0,.000,0.0,0.0,Left,0.0,オリックス・バファローズ
吉田　正尚,143,610,521,92,168,24,2,29,283,85,5,1,0,5,79,12,5,64,12,.322,0.543,0.413,Left,0.956,オリックス・バファローズ
吉田　凌,4,0,0,0,0,0,0,0,0,0,0,0,0,0,0,0,0,0,0,.000,0.0,0.0,Right,0.0,オリックス・バファローズ
ロメロ,81,331,295,47,90,15,0,18,159,63,3,3,0,6,25,2,5,83,3,.305,0.539,0.363,Right,0.902,オリックス・バファローズ
若月　健矢,138,348,298,21,53,9,0,1,65,21,2,0,25,0,21,1,4,73,4,.178,0.218,0.241,Right,0.459,オリックス・バファローズ
